ISO-10303-21;
HEADER;
FILE_DESCRIPTION (( 'STEP AP214' ),
    '1' );
FILE_NAME ('4B0106E9-800C-4ACE-A178-1C20BDC59C8B.STEP',
    '2026-08-16T17:21:08',
    ( '' ),
    ( '' ),
    'SwSTEP 2.0',
    'SolidWorks 2022',
    '' );
FILE_SCHEMA (( 'AUTOMOTIVE_DESIGN' ));
ENDSEC;

DATA;
#1 = CARTESIAN_POINT ( 'NONE',  ( -0.02500000000000003608, 0.2853132368708145017, 0.1380000000000000115 ) ) ;
#2 = VERTEX_POINT ( 'NONE', #182 ) ;
#3 = DIRECTION ( 'NONE',  ( 1.000000000000000000, 0.0000000000000000000, 0.0000000000000000000 ) ) ;
#4 = DIRECTION ( 'NONE',  ( 0.0000000000000000000, 0.0000000000000000000, -1.000000000000000000 ) ) ;
#5 = CARTESIAN_POINT ( 'NONE',  ( 0.09199999999999997069, 0.3366748151297072056, 2.134256245050205639E-18 ) ) ;
#6 = EDGE_LOOP ( 'NONE', ( #948, #721, #2531, #450, #2582, #2521, #1735, #2649 ) ) ;
#7 = DIRECTION ( 'NONE',  ( -1.000000000000000000, 0.0000000000000000000, -0.0000000000000000000 ) ) ;
#8 = EDGE_CURVE ( 'NONE', #372, #2168, #650, .T. ) ;
#9 = CARTESIAN_POINT ( 'NONE',  ( 0.1546354668102256913, 0.2896354668102256724, 0.08859668572797321784 ) ) ;
#10 = DIRECTION ( 'NONE',  ( -0.9961946980917449901, 1.328834222305131357E-16, -0.08715574274766507701 ) ) ;
#11 = LENGTH_MEASURE_WITH_UNIT ( LENGTH_MEASURE( 0.02539999999999999897 ), #2318 );
#12 = LINE ( 'NONE', #1678, #1771 ) ;
#13 = EDGE_CURVE ( 'NONE', #2, #2097, #953, .T. ) ;
#14 = DIRECTION ( 'NONE',  ( -1.000000000000000000, -0.0000000000000000000, -0.0000000000000000000 ) ) ;
#15 = LINE ( 'NONE', #3110, #3045 ) ;
#16 = AXIS2_PLACEMENT_3D ( 'NONE', #3104, #1265, #982 ) ;
#17 = DIMENSIONAL_EXPONENTS ( 1.000000000000000000, 0.0000000000000000000, 0.0000000000000000000, 0.0000000000000000000, 0.0000000000000000000, 0.0000000000000000000, 0.0000000000000000000 ) ;
#18 = AXIS2_PLACEMENT_3D ( 'NONE', #1117, #1050, #37 ) ;
#19 = AXIS2_PLACEMENT_3D ( 'NONE', #2872, #2328, #2038 ) ;
#20 =( CONVERSION_BASED_UNIT ( 'INCH', #3368 ) LENGTH_UNIT ( ) NAMED_UNIT ( #2904 ) );
#21 = AXIS2_PLACEMENT_3D ( 'NONE', #992, #2660, #3341 ) ;
#22 = UNCERTAINTY_MEASURE_WITH_UNIT (LENGTH_MEASURE( 1.000000000000000082E-05 ), #3227, 'distance_accuracy_value', 'NONE');
#23 =( GEOMETRIC_REPRESENTATION_CONTEXT ( 3 ) GLOBAL_UNCERTAINTY_ASSIGNED_CONTEXT ( ( #878 ) ) GLOBAL_UNIT_ASSIGNED_CONTEXT ( ( #787, #2310, #1516 ) ) REPRESENTATION_CONTEXT ( 'NONE', 'WORKASPACE' ) );
#24 = ORIENTED_EDGE ( 'NONE', *, *, #1304, .T. ) ;
#25 = PLANE ( 'NONE',  #736 ) ;
#26 =( NAMED_UNIT ( * ) PLANE_ANGLE_UNIT ( ) SI_UNIT ( $, .RADIAN. ) );
#27 = DIRECTION ( 'NONE',  ( 0.08682659386425442549, 0.08682659386425491121, 0.9924325091389657461 ) ) ;
#28 = COLOUR_RGB ( '',0.2549019607843137081, 0.2549019607843137081, 0.2549019607843137081 ) ;
#29 = VERTEX_POINT ( 'NONE', #1423 ) ;
#30 = CARTESIAN_POINT ( 'NONE',  ( 0.09199999999999997069, 0.3366748151297072056, 0.01500000000000000465 ) ) ;
#31 = DIMENSIONAL_EXPONENTS ( 1.000000000000000000, 0.0000000000000000000, 0.0000000000000000000, 0.0000000000000000000, 0.0000000000000000000, 0.0000000000000000000, 0.0000000000000000000 ) ;
#32 = CARTESIAN_POINT ( 'NONE',  ( 0.09199999999999997069, 0.3629999999999999893, -0.01000000000000000021 ) ) ;
#33 = LENGTH_MEASURE_WITH_UNIT ( LENGTH_MEASURE( 0.02539999999999999897 ), #773 );
#34 = ADVANCED_FACE ( 'NONE', ( #1969 ), #3277, .T. ) ;
#35 = MECHANICAL_DESIGN_GEOMETRIC_PRESENTATION_REPRESENTATION (  '', ( #2687 ), #1115 ) ;
#36 = DIRECTION ( 'NONE',  ( 0.0000000000000000000, -1.792775245842172503E-15, -1.000000000000000000 ) ) ;
#37 = DIRECTION ( 'NONE',  ( -1.000000000000000000, -0.0000000000000000000, 0.0000000000000000000 ) ) ;
#38 = CARTESIAN_POINT ( 'NONE',  ( 0.03899999999999996525, 0.004114898152164148983, 0.01249712544460637904 ) ) ;
#39 =( GEOMETRIC_REPRESENTATION_CONTEXT ( 3 ) GLOBAL_UNCERTAINTY_ASSIGNED_CONTEXT ( ( #2851 ) ) GLOBAL_UNIT_ASSIGNED_CONTEXT ( ( #1926, #1626, #820 ) ) REPRESENTATION_CONTEXT ( 'NONE', 'WORKASPACE' ) );
#40 = EDGE_CURVE ( 'NONE', #123, #756, #2749, .T. ) ;
#41 = MECHANICAL_DESIGN_GEOMETRIC_PRESENTATION_REPRESENTATION (  '', ( #3379 ), #1008 ) ;
#42 = EDGE_CURVE ( 'NONE', #579, #2843, #1183, .T. ) ;
#43 = LINE ( 'NONE', #2661, #2852 ) ;
#44 = LINE ( 'NONE', #975, #202 ) ;
#45 = VERTEX_POINT ( 'NONE', #1983 ) ;
#46 = CARTESIAN_POINT ( 'NONE',  ( -0.02500000000000000486, 0.2853132368708145017, 0.0000000000000000000 ) ) ;
#47 = SURFACE_STYLE_FILL_AREA ( #844 ) ;
#48 = CARTESIAN_POINT ( 'NONE',  ( 0.1389999999999999847, 0.02567481512970726590, 0.05000000000000004441 ) ) ;
#49 = SURFACE_SIDE_STYLE ('',( #3172 ) ) ;
#50 = PLANE ( 'NONE',  #271 ) ;
#51 = VECTOR ( 'NONE', #3039, 39.37007874015748143 ) ;
#52 = FACE_OUTER_BOUND ( 'NONE', #1077, .T. ) ;
#53 = UNCERTAINTY_MEASURE_WITH_UNIT (LENGTH_MEASURE( 1.000000000000000082E-05 ), #790, 'distance_accuracy_value', 'NONE');
#54 = CARTESIAN_POINT ( 'NONE',  ( 0.01468250952857210086, 0.05562821319943792725, 0.1330000000000160776 ) ) ;
#55 = EDGE_CURVE ( 'NONE', #1148, #3107, #374, .T. ) ;
#56 = FILL_AREA_STYLE_COLOUR ( '', #1528 ) ;
#57 = UNCERTAINTY_MEASURE_WITH_UNIT (LENGTH_MEASURE( 1.000000000000000082E-05 ), #3362, 'distance_accuracy_value', 'NONE');
#58 = VERTEX_POINT ( 'NONE', #2530 ) ;
#59 =( NAMED_UNIT ( * ) PLANE_ANGLE_UNIT ( ) SI_UNIT ( $, .RADIAN. ) );
#60 = ORIENTED_EDGE ( 'NONE', *, *, #2111, .T. ) ;
#61 = DIRECTION ( 'NONE',  ( 0.0000000000000000000, 0.0000000000000000000, 1.000000000000000000 ) ) ;
#62 =( NAMED_UNIT ( * ) SI_UNIT ( $, .STERADIAN. ) SOLID_ANGLE_UNIT ( ) );
#63 = DIMENSIONAL_EXPONENTS ( 1.000000000000000000, 0.0000000000000000000, 0.0000000000000000000, 0.0000000000000000000, 0.0000000000000000000, 0.0000000000000000000, 0.0000000000000000000 ) ;
#64 = CARTESIAN_POINT ( 'NONE',  ( 0.1560000000000000275, 0.2910000000000000364, 0.07299999999999996769 ) ) ;
#65 = DIRECTION ( 'NONE',  ( 0.0000000000000000000, -0.1668583036929084384, 0.9859808854580930371 ) ) ;
#66 = ORIENTED_EDGE ( 'NONE', *, *, #2302, .T. ) ;
#67 = CARTESIAN_POINT ( 'NONE',  ( 0.1389999999999999847, -0.01067481512970723523, 0.0000000000000000000 ) ) ;
#68 = PRESENTATION_STYLE_ASSIGNMENT (( #305 ) ) ;
#69 =( LENGTH_UNIT ( ) NAMED_UNIT ( * ) SI_UNIT ( $, .METRE. ) );
#70 = LINE ( 'NONE', #3233, #2692 ) ;
#71 = EDGE_CURVE ( 'NONE', #2695, #2502, #2283, .T. ) ;
#72 = VERTEX_POINT ( 'NONE', #1701 ) ;
#73 = PRESENTATION_STYLE_ASSIGNMENT (( #1349 ) ) ;
#74 = CARTESIAN_POINT ( 'NONE',  ( -0.008000000000000036596, 0.04068676312918553806, 1.740432328636319460E-19 ) ) ;
#75 = COLOUR_RGB ( '',0.7529411764705882248, 0.7529411764705882248, 0.7529411764705882248 ) ;
#76 = VECTOR ( 'NONE', #144, 39.37007874015748143 ) ;
#77 =( CONVERSION_BASED_UNIT ( 'INCH', #1657 ) LENGTH_UNIT ( ) NAMED_UNIT ( #2620 ) );
#78 = EDGE_CURVE ( 'NONE', #845, #2134, #1952, .T. ) ;
#79 =( NAMED_UNIT ( * ) PLANE_ANGLE_UNIT ( ) SI_UNIT ( $, .RADIAN. ) );
#80 = CARTESIAN_POINT ( 'NONE',  ( 0.1560000000000000275, 0.2910000000000000364, 0.1380000000000000115 ) ) ;
#81 = CARTESIAN_POINT ( 'NONE',  ( -0.008000000000000024453, 0.03500000000000000333, 0.06500000000000004385 ) ) ;
#82 = VECTOR ( 'NONE', #1961, 39.37007874015748143 ) ;
#83 = VECTOR ( 'NONE', #2915, 39.37007874015748143 ) ;
#84 = VECTOR ( 'NONE', #2898, 39.37007874015748143 ) ;
#85 = ORIENTED_EDGE ( 'NONE', *, *, #2713, .F. ) ;
#86 = LENGTH_MEASURE_WITH_UNIT ( LENGTH_MEASURE( 0.02539999999999999897 ), #588 );
#87 =( CONVERSION_BASED_UNIT ( 'INCH', #1092 ) LENGTH_UNIT ( ) NAMED_UNIT ( #2640 ) );
#88 = UNCERTAINTY_MEASURE_WITH_UNIT (LENGTH_MEASURE( 1.000000000000000082E-05 ), #2619, 'distance_accuracy_value', 'NONE');
#89 = COLOUR_RGB ( '',0.7529411764705882248, 0.7529411764705882248, 0.7529411764705882248 ) ;
#90 = AXIS2_PLACEMENT_3D ( 'NONE', #558, #2132, #1910 ) ;
#91 = FILL_AREA_STYLE ('',( #2373 ) ) ;
#92 = DIRECTION ( 'NONE',  ( 0.08682659386425460590, -0.08682659386425491121, -0.9924325091389657461 ) ) ;
#93 = MECHANICAL_DESIGN_GEOMETRIC_PRESENTATION_REPRESENTATION (  '', ( #1105 ), #2147 ) ;
#94 = COLOUR_RGB ( '',0.2549019607843137081, 0.2549019607843137081, 0.2549019607843137081 ) ;
#95 = EDGE_LOOP ( 'NONE', ( #217, #1522, #2812, #1378 ) ) ;
#96 = DIRECTION ( 'NONE',  ( -1.000000000000000000, 0.0000000000000000000, -0.0000000000000000000 ) ) ;
#97 = EDGE_CURVE ( 'NONE', #2788, #2256, #1734, .T. ) ;
#98 = ORIENTED_EDGE ( 'NONE', *, *, #181, .F. ) ;
#99 = FACE_OUTER_BOUND ( 'NONE', #595, .T. ) ;
#100 = DIMENSIONAL_EXPONENTS ( 1.000000000000000000, 0.0000000000000000000, 0.0000000000000000000, 0.0000000000000000000, 0.0000000000000000000, 0.0000000000000000000, 0.0000000000000000000 ) ;
#101 = FACE_OUTER_BOUND ( 'NONE', #188, .T. ) ;
#102 = ORIENTED_EDGE ( 'NONE', *, *, #3347, .F. ) ;
#103 = PRESENTATION_STYLE_ASSIGNMENT (( #2399 ) ) ;
#104 =( NAMED_UNIT ( * ) SI_UNIT ( $, .STERADIAN. ) SOLID_ANGLE_UNIT ( ) );
#105 = DIRECTION ( 'NONE',  ( -1.000000000000000000, 0.0000000000000000000, 0.0000000000000000000 ) ) ;
#106 = ORIENTED_EDGE ( 'NONE', *, *, #1494, .F. ) ;
#107 = PRESENTATION_STYLE_ASSIGNMENT (( #351 ) ) ;
#108 = CARTESIAN_POINT ( 'NONE',  ( 0.1389999999999999847, 0.02567481512970726590, 0.06500000000000004385 ) ) ;
#109 = DIRECTION ( 'NONE',  ( 0.0000000000000000000, -1.000000000000000000, 0.0000000000000000000 ) ) ;
#110 = DIMENSIONAL_EXPONENTS ( 1.000000000000000000, 0.0000000000000000000, 0.0000000000000000000, 0.0000000000000000000, 0.0000000000000000000, 0.0000000000000000000, 0.0000000000000000000 ) ;
#111 = ORIENTED_EDGE ( 'NONE', *, *, #1923, .T. ) ;
#112 = DIRECTION ( 'NONE',  ( -1.000000000000000000, 0.0000000000000000000, -0.0000000000000000000 ) ) ;
#113 = SURFACE_SIDE_STYLE ('',( #2352 ) ) ;
#114 = DIRECTION ( 'NONE',  ( -1.000000000000000000, 0.0000000000000000000, -0.0000000000000000000 ) ) ;
#115 = ORIENTED_EDGE ( 'NONE', *, *, #2890, .F. ) ;
#116 = DIRECTION ( 'NONE',  ( -1.000000000000000000, 0.0000000000000000000, -0.0000000000000000000 ) ) ;
#117 = LINE ( 'NONE', #3260, #2273 ) ;
#118 = EDGE_CURVE ( 'NONE', #72, #1970, #1811, .T. ) ;
#119 = ORIENTED_EDGE ( 'NONE', *, *, #2558, .T. ) ;
#120 =( NAMED_UNIT ( * ) SI_UNIT ( $, .STERADIAN. ) SOLID_ANGLE_UNIT ( ) );
#121 = DIRECTION ( 'NONE',  ( -0.0000000000000000000, 0.0000000000000000000, -1.000000000000000000 ) ) ;
#122 = UNCERTAINTY_MEASURE_WITH_UNIT (LENGTH_MEASURE( 1.000000000000000082E-05 ), #1650, 'distance_accuracy_value', 'NONE');
#123 = VERTEX_POINT ( 'NONE', #3389 ) ;
#124 = FILL_AREA_STYLE_COLOUR ( '', #560 ) ;
#125 = LINE ( 'NONE', #2767, #51 ) ;
#126 =( NAMED_UNIT ( * ) SI_UNIT ( $, .STERADIAN. ) SOLID_ANGLE_UNIT ( ) );
#127 = UNCERTAINTY_MEASURE_WITH_UNIT (LENGTH_MEASURE( 1.000000000000000082E-05 ), #502, 'distance_accuracy_value', 'NONE');
#128 = ORIENTED_EDGE ( 'NONE', *, *, #1561, .T. ) ;
#129 = UNCERTAINTY_MEASURE_WITH_UNIT (LENGTH_MEASURE( 1.000000000000000082E-05 ), #2458, 'distance_accuracy_value', 'NONE');
#130 = VECTOR ( 'NONE', #2604, 39.37007874015748143 ) ;
#131 = STYLED_ITEM ( 'NONE', ( #1394 ), #2989 ) ;
#132 = ORIENTED_EDGE ( 'NONE', *, *, #1147, .T. ) ;
#133 = LINE ( 'NONE', #1469, #301 ) ;
#134 = DIRECTION ( 'NONE',  ( 0.0000000000000000000, 0.0000000000000000000, 1.000000000000000000 ) ) ;
#135 = MECHANICAL_DESIGN_GEOMETRIC_PRESENTATION_REPRESENTATION (  '', ( #189 ), #2425 ) ;
#136 = EDGE_LOOP ( 'NONE', ( #1803, #1710 ) ) ;
#137 = MECHANICAL_DESIGN_GEOMETRIC_PRESENTATION_REPRESENTATION (  '', ( #1324 ), #3319 ) ;
#138 = CARTESIAN_POINT ( 'NONE',  ( 0.03899999999999996525, -0.01067481512970724737, 0.01500000000000000465 ) ) ;
#139 = EDGE_CURVE ( 'NONE', #1467, #2998, #3087, .T. ) ;
#140 = VERTEX_POINT ( 'NONE', #1248 ) ;
#141 = FILL_AREA_STYLE ('',( #2416 ) ) ;
#142 = STYLED_ITEM ( 'NONE', ( #2639 ), #2307 ) ;
#143 = MECHANICAL_DESIGN_GEOMETRIC_PRESENTATION_REPRESENTATION (  '', ( #1167 ), #1628 ) ;
#144 = DIRECTION ( 'NONE',  ( 1.000000000000000000, 1.179147096712820720E-16, -0.0000000000000000000 ) ) ;
#145 = CYLINDRICAL_SURFACE ( 'NONE', #1212, 0.01000000000000000021 ) ;
#146 =( CONVERSION_BASED_UNIT ( 'INCH', #389 ) LENGTH_UNIT ( ) NAMED_UNIT ( #1663 ) );
#147 = ADVANCED_FACE ( 'NONE', ( #3078 ), #2083, .T. ) ;
#148 = EDGE_CURVE ( 'NONE', #2234, #3363, #1101, .T. ) ;
#149 = AXIS2_PLACEMENT_3D ( 'NONE', #568, #1917, #1659 ) ;
#150 = ORIENTED_EDGE ( 'NONE', *, *, #185, .T. ) ;
#151 =( NAMED_UNIT ( * ) SI_UNIT ( $, .STERADIAN. ) SOLID_ANGLE_UNIT ( ) );
#152 = MECHANICAL_DESIGN_GEOMETRIC_PRESENTATION_REPRESENTATION (  '', ( #2756 ), #2429 ) ;
#153 = VECTOR ( 'NONE', #1913, 39.37007874015748143 ) ;
#154 = ORIENTED_EDGE ( 'NONE', *, *, #376, .F. ) ;
#155 =( LENGTH_UNIT ( ) NAMED_UNIT ( * ) SI_UNIT ( $, .METRE. ) );
#156 = FILL_AREA_STYLE ('',( #689 ) ) ;
#157 = ORIENTED_EDGE ( 'NONE', *, *, #1452, .T. ) ;
#158 =( NAMED_UNIT ( * ) PLANE_ANGLE_UNIT ( ) SI_UNIT ( $, .RADIAN. ) );
#159 = UNCERTAINTY_MEASURE_WITH_UNIT (LENGTH_MEASURE( 1.000000000000000082E-05 ), #2542, 'distance_accuracy_value', 'NONE');
#160 = ORIENTED_EDGE ( 'NONE', *, *, #774, .T. ) ;
#161 = DIRECTION ( 'NONE',  ( 0.0000000000000000000, -1.792775245842172503E-15, -1.000000000000000000 ) ) ;
#162 = SURFACE_STYLE_FILL_AREA ( #403 ) ;
#163 =( GEOMETRIC_REPRESENTATION_CONTEXT ( 3 ) GLOBAL_UNCERTAINTY_ASSIGNED_CONTEXT ( ( #2740 ) ) GLOBAL_UNIT_ASSIGNED_CONTEXT ( ( #20, #1021, #510 ) ) REPRESENTATION_CONTEXT ( 'NONE', 'WORKASPACE' ) );
#164 = EDGE_CURVE ( 'NONE', #609, #1024, #2072, .T. ) ;
#165 = DIRECTION ( 'NONE',  ( 1.000000000000000000, 0.0000000000000000000, 0.0000000000000000000 ) ) ;
#166 = DIRECTION ( 'NONE',  ( -1.000000000000000000, -0.0000000000000000000, -0.0000000000000000000 ) ) ;
#167 = UNCERTAINTY_MEASURE_WITH_UNIT (LENGTH_MEASURE( 1.000000000000000082E-05 ), #1363, 'distance_accuracy_value', 'NONE');
#168 =( CONVERSION_BASED_UNIT ( 'INCH', #2246 ) LENGTH_UNIT ( ) NAMED_UNIT ( #1016 ) );
#169 = ORIENTED_EDGE ( 'NONE', *, *, #2497, .F. ) ;
#170 =( NAMED_UNIT ( * ) SI_UNIT ( $, .STERADIAN. ) SOLID_ANGLE_UNIT ( ) );
#171 = SURFACE_SIDE_STYLE ('',( #199 ) ) ;
#172 = ORIENTED_EDGE ( 'NONE', *, *, #1862, .F. ) ;
#173 = CARTESIAN_POINT ( 'NONE',  ( 0.1389999999999999847, 0.02074491070241680363, 0.05083429151846459437 ) ) ;
#174 = ORIENTED_EDGE ( 'NONE', *, *, #675, .F. ) ;
#175 =( CONVERSION_BASED_UNIT ( 'INCH', #2760 ) LENGTH_UNIT ( ) NAMED_UNIT ( #3234 ) );
#176 = ORIENTED_EDGE ( 'NONE', *, *, #1404, .F. ) ;
#177 = CARTESIAN_POINT ( 'NONE',  ( 0.1389999999999999847, 0.3003251848702927496, 0.05000000000000004441 ) ) ;
#178 =( LENGTH_UNIT ( ) NAMED_UNIT ( * ) SI_UNIT ( $, .METRE. ) );
#179 =( NAMED_UNIT ( * ) PLANE_ANGLE_UNIT ( ) SI_UNIT ( $, .RADIAN. ) );
#180 =( CONVERSION_BASED_UNIT ( 'INCH', #2515 ) LENGTH_UNIT ( ) NAMED_UNIT ( #2359 ) );
#181 = EDGE_CURVE ( 'NONE', #1095, #576, #2833, .T. ) ;
#182 = CARTESIAN_POINT ( 'NONE',  ( 0.1559999999999999998, 0.03500000000000002415, 0.07299999999999996769 ) ) ;
#183 = FILL_AREA_STYLE_COLOUR ( '', #2277 ) ;
#184 = SURFACE_STYLE_FILL_AREA ( #440 ) ;
#185 = EDGE_CURVE ( 'NONE', #756, #1126, #1885, .T. ) ;
#186 = VERTEX_POINT ( 'NONE', #1282 ) ;
#187 = VECTOR ( 'NONE', #902, 39.37007874015748143 ) ;
#188 = EDGE_LOOP ( 'NONE', ( #3334, #225, #472, #1624 ) ) ;
#189 = STYLED_ITEM ( 'NONE', ( #296 ), #1408 ) ;
#190 = LINE ( 'NONE', #1759, #1733 ) ;
#191 = SURFACE_SIDE_STYLE ('',( #1583 ) ) ;
#192 = DIRECTION ( 'NONE',  ( -0.0000000000000000000, 0.0000000000000000000, -1.000000000000000000 ) ) ;
#193 = MECHANICAL_DESIGN_GEOMETRIC_PRESENTATION_REPRESENTATION (  '', ( #1320 ), #2314 ) ;
#194 = MECHANICAL_DESIGN_GEOMETRIC_PRESENTATION_REPRESENTATION (  '', ( #247 ), #966 ) ;
#195 = AXIS2_PLACEMENT_3D ( 'NONE', #1393, #887, #1690 ) ;
#196 =( LENGTH_UNIT ( ) NAMED_UNIT ( * ) SI_UNIT ( $, .METRE. ) );
#197 = SURFACE_SIDE_STYLE ('',( #1750 ) ) ;
#198 = EDGE_CURVE ( 'NONE', #708, #2211, #2874, .T. ) ;
#199 = SURFACE_STYLE_FILL_AREA ( #1497 ) ;
#200 = CARTESIAN_POINT ( 'NONE',  ( -0.02500000000000000486, 0.04068676312918553806, 0.0000000000000000000 ) ) ;
#201 = AXIS2_PLACEMENT_3D ( 'NONE', #2368, #1074, #2879 ) ;
#202 = VECTOR ( 'NONE', #698, 39.37007874015748143 ) ;
#203 = STYLED_ITEM ( 'NONE', ( #2877 ), #914 ) ;
#204 = ADVANCED_FACE ( 'NONE', ( #2333 ), #2598, .F. ) ;
#205 =( NAMED_UNIT ( * ) SI_UNIT ( $, .STERADIAN. ) SOLID_ANGLE_UNIT ( ) );
#206 = ORIENTED_EDGE ( 'NONE', *, *, #1543, .T. ) ;
#207 = FACE_OUTER_BOUND ( 'NONE', #603, .T. ) ;
#208 = FILL_AREA_STYLE_COLOUR ( '', #1551 ) ;
#209 =( NAMED_UNIT ( * ) PLANE_ANGLE_UNIT ( ) SI_UNIT ( $, .RADIAN. ) );
#210 = DIRECTION ( 'NONE',  ( 0.0000000000000000000, -1.000000000000000000, 0.0000000000000000000 ) ) ;
#211 = FILL_AREA_STYLE_COLOUR ( '', #2576 ) ;
#212 = CARTESIAN_POINT ( 'NONE',  ( 0.03899999999999996525, -0.03699999999999997735, -0.01000000000000000021 ) ) ;
#213 = ORIENTED_EDGE ( 'NONE', *, *, #231, .T. ) ;
#214 = CARTESIAN_POINT ( 'NONE',  ( 0.09199999999999997069, 0.3003251848702927496, 0.05500000000000004191 ) ) ;
#215 =( CONVERSION_BASED_UNIT ( 'INCH', #1711 ) LENGTH_UNIT ( ) NAMED_UNIT ( #2720 ) );
#216 = EDGE_CURVE ( 'NONE', #2211, #372, #2706, .T. ) ;
#217 = ORIENTED_EDGE ( 'NONE', *, *, #1359, .T. ) ;
#218 = DIRECTION ( 'NONE',  ( -1.000000000000000000, -0.0000000000000000000, -0.0000000000000000000 ) ) ;
#219 =( LENGTH_UNIT ( ) NAMED_UNIT ( * ) SI_UNIT ( $, .METRE. ) );
#220 =( NAMED_UNIT ( * ) PLANE_ANGLE_UNIT ( ) SI_UNIT ( $, .RADIAN. ) );
#221 = DIRECTION ( 'NONE',  ( 1.000000000000000000, -0.0000000000000000000, -0.0000000000000000000 ) ) ;
#222 = PRESENTATION_STYLE_ASSIGNMENT (( #511 ) ) ;
#223 = UNCERTAINTY_MEASURE_WITH_UNIT (LENGTH_MEASURE( 1.000000000000000082E-05 ), #2839, 'distance_accuracy_value', 'NONE');
#224 = LINE ( 'NONE', #755, #2594 ) ;
#225 = ORIENTED_EDGE ( 'NONE', *, *, #42, .F. ) ;
#226 = DIMENSIONAL_EXPONENTS ( 1.000000000000000000, 0.0000000000000000000, 0.0000000000000000000, 0.0000000000000000000, 0.0000000000000000000, 0.0000000000000000000, 0.0000000000000000000 ) ;
#227 = COLOUR_RGB ( '',0.7529411764705882248, 0.7529411764705882248, 0.7529411764705882248 ) ;
#228 = VERTEX_POINT ( 'NONE', #1135 ) ;
#229 = DIRECTION ( 'NONE',  ( -1.000000000000000000, 0.0000000000000000000, -0.0000000000000000000 ) ) ;
#230 = STYLED_ITEM ( 'NONE', ( #680 ), #1106 ) ;
#231 = EDGE_CURVE ( 'NONE', #1577, #2725, #1924, .T. ) ;
#232 = DIRECTION ( 'NONE',  ( 0.0000000000000000000, 0.0000000000000000000, -1.000000000000000000 ) ) ;
#233 = LINE ( 'NONE', #3365, #2319 ) ;
#234 = CARTESIAN_POINT ( 'NONE',  ( 0.004682509528572100649, 0.05562821319943792725, 0.1330000000000160776 ) ) ;
#235 = ADVANCED_FACE ( 'NONE', ( #2146 ), #2205, .F. ) ;
#236 = CIRCLE ( 'NONE', #999, 0.02500000000000000139 ) ;
#237 =( NAMED_UNIT ( * ) SI_UNIT ( $, .STERADIAN. ) SOLID_ANGLE_UNIT ( ) );
#238 = EDGE_CURVE ( 'NONE', #2998, #2449, #1372, .T. ) ;
#239 = VERTEX_POINT ( 'NONE', #644 ) ;
#240 =( CONVERSION_BASED_UNIT ( 'INCH', #2313 ) LENGTH_UNIT ( ) NAMED_UNIT ( #2738 ) );
#241 = VECTOR ( 'NONE', #365, 39.37007874015748143 ) ;
#242 = ORIENTED_EDGE ( 'NONE', *, *, #3245, .F. ) ;
#243 =( GEOMETRIC_REPRESENTATION_CONTEXT ( 3 ) GLOBAL_UNCERTAINTY_ASSIGNED_CONTEXT ( ( #2817 ) ) GLOBAL_UNIT_ASSIGNED_CONTEXT ( ( #3002, #3018, #62 ) ) REPRESENTATION_CONTEXT ( 'NONE', 'WORKASPACE' ) );
#244 = CARTESIAN_POINT ( 'NONE',  ( 0.1503561085671247244, 0.04064389143287528566, 0.1375099742688655480 ) ) ;
#245 = LENGTH_MEASURE_WITH_UNIT ( LENGTH_MEASURE( 0.02539999999999999897 ), #812 );
#246 = DIRECTION ( 'NONE',  ( -0.0000000000000000000, -0.0000000000000000000, -1.000000000000000000 ) ) ;
#247 = STYLED_ITEM ( 'NONE', ( #1986 ), #3388 ) ;
#248 = PRESENTATION_LAYER_ASSIGNMENT (  '', '', ( #2757 ) ) ;
#249 = ORIENTED_EDGE ( 'NONE', *, *, #1194, .T. ) ;
#250 = DIRECTION ( 'NONE',  ( -1.000000000000000000, -0.0000000000000000000, -0.0000000000000000000 ) ) ;
#251 = CARTESIAN_POINT ( 'NONE',  ( 0.1389999999999999847, 0.3003251848702927496, 0.05500000000000004191 ) ) ;
#252 = DIRECTION ( 'NONE',  ( 0.0000000000000000000, 0.0000000000000000000, 1.000000000000000000 ) ) ;
#253 = CARTESIAN_POINT ( 'NONE',  ( 0.1389999999999999847, -0.01067481512970723523, 0.01500000000000000465 ) ) ;
#254 = EDGE_CURVE ( 'NONE', #3099, #2361, #3231, .T. ) ;
#255 = SURFACE_STYLE_USAGE ( .BOTH. , #733 ) ;
#256 = ORIENTED_EDGE ( 'NONE', *, *, #277, .F. ) ;
#257 =( GEOMETRIC_REPRESENTATION_CONTEXT ( 3 ) GLOBAL_UNCERTAINTY_ASSIGNED_CONTEXT ( ( #1664 ) ) GLOBAL_UNIT_ASSIGNED_CONTEXT ( ( #2476, #1208, #1137 ) ) REPRESENTATION_CONTEXT ( 'NONE', 'WORKASPACE' ) );
#258 =( LENGTH_UNIT ( ) NAMED_UNIT ( * ) SI_UNIT ( $, .METRE. ) );
#259 = DIRECTION ( 'NONE',  ( 1.000000000000000000, 0.0000000000000000000, 0.0000000000000000000 ) ) ;
#260 = PRESENTATION_STYLE_ASSIGNMENT (( #792 ) ) ;
#261 = VECTOR ( 'NONE', #548, 39.37007874015748143 ) ;
#262 = FACE_OUTER_BOUND ( 'NONE', #390, .T. ) ;
#263 = CARTESIAN_POINT ( 'NONE',  ( 0.1389999999999999847, 0.2901251133647406721, 0.05500000000000004191 ) ) ;
#264 = SURFACE_STYLE_USAGE ( .BOTH. , #2342 ) ;
#265 = DIRECTION ( 'NONE',  ( 0.0000000000000000000, 0.0000000000000000000, 1.000000000000000000 ) ) ;
#266 = FACE_OUTER_BOUND ( 'NONE', #1400, .T. ) ;
#267 =( LENGTH_UNIT ( ) NAMED_UNIT ( * ) SI_UNIT ( $, .METRE. ) );
#268 = CARTESIAN_POINT ( 'NONE',  ( 0.1389999999999999847, 0.3120252929932549324, 0.01082854240767729299 ) ) ;
#269 = FILL_AREA_STYLE_COLOUR ( '', #303 ) ;
#270 = EDGE_LOOP ( 'NONE', ( #412, #1053, #3390, #160 ) ) ;
#271 = AXIS2_PLACEMENT_3D ( 'NONE', #1338, #360, #2967 ) ;
#272 = LINE ( 'NONE', #2364, #1010 ) ;
#273 = EDGE_CURVE ( 'NONE', #708, #1772, #1174, .T. ) ;
#274 = CARTESIAN_POINT ( 'NONE',  ( 0.03899999999999996525, 0.3151148981521642023, 0.05250287455539368042 ) ) ;
#275 =( NAMED_UNIT ( * ) SI_UNIT ( $, .STERADIAN. ) SOLID_ANGLE_UNIT ( ) );
#276 = CARTESIAN_POINT ( 'NONE',  ( 0.1389999999999999847, 0.3366748151297072056, 2.134256245050205639E-18 ) ) ;
#277 = EDGE_CURVE ( 'NONE', #3054, #1532, #1726, .T. ) ;
#278 =( NAMED_UNIT ( * ) PLANE_ANGLE_UNIT ( ) SI_UNIT ( $, .RADIAN. ) );
#279 = VERTEX_POINT ( 'NONE', #2943 ) ;
#280 = FACE_OUTER_BOUND ( 'NONE', #2016, .T. ) ;
#281 =( CONVERSION_BASED_UNIT ( 'INCH', #832 ) LENGTH_UNIT ( ) NAMED_UNIT ( #1639 ) );
#282 = MECHANICAL_DESIGN_GEOMETRIC_PRESENTATION_REPRESENTATION (  '', ( #1093 ), #1490 ) ;
#283 = VECTOR ( 'NONE', #641, 39.37007874015748143 ) ;
#284 = EDGE_LOOP ( 'NONE', ( #2821, #132, #1168, #2778, #1222, #2024, #3251, #2617, #2936, #2659, #3290, #434 ) ) ;
#285 =( CONVERSION_BASED_UNIT ( 'INCH', #607 ) LENGTH_UNIT ( ) NAMED_UNIT ( #3246 ) );
#286 = UNCERTAINTY_MEASURE_WITH_UNIT (LENGTH_MEASURE( 1.000000000000000082E-05 ), #2355, 'distance_accuracy_value', 'NONE');
#287 = MECHANICAL_DESIGN_GEOMETRIC_PRESENTATION_REPRESENTATION (  '', ( #1323 ), #535 ) ;
#288 = MECHANICAL_DESIGN_GEOMETRIC_PRESENTATION_REPRESENTATION (  '', ( #2529 ), #2684 ) ;
#289 = ORIENTED_EDGE ( 'NONE', *, *, #118, .T. ) ;
#290 = CARTESIAN_POINT ( 'NONE',  ( -0.02500000000000003608, 0.2910000000000000364, 0.06500000000000004385 ) ) ;
#291 = ADVANCED_FACE ( 'NONE', ( #875 ), #2960, .F. ) ;
#292 =( NAMED_UNIT ( * ) SI_UNIT ( $, .STERADIAN. ) SOLID_ANGLE_UNIT ( ) );
#293 = COLOUR_RGB ( '',0.7529411764705882248, 0.7529411764705882248, 0.7529411764705882248 ) ;
#294 =( CONVERSION_BASED_UNIT ( 'INCH', #3101 ) LENGTH_UNIT ( ) NAMED_UNIT ( #1549 ) );
#295 = CARTESIAN_POINT ( 'NONE',  ( 0.09199999999999997069, 0.03587488663525932597, 0.05500000000000004191 ) ) ;
#296 = PRESENTATION_STYLE_ASSIGNMENT (( #2896 ) ) ;
#297 = FACE_OUTER_BOUND ( 'NONE', #2284, .T. ) ;
#298 = STYLED_ITEM ( 'NONE', ( #1483 ), #781 ) ;
#299 = EDGE_CURVE ( 'NONE', #576, #944, #345, .T. ) ;
#300 =( NAMED_UNIT ( * ) PLANE_ANGLE_UNIT ( ) SI_UNIT ( $, .RADIAN. ) );
#301 = VECTOR ( 'NONE', #1185, 39.37007874015748143 ) ;
#302 = PLANE ( 'NONE',  #2914 ) ;
#303 = COLOUR_RGB ( '',0.7529411764705882248, 0.7529411764705882248, 0.7529411764705882248 ) ;
#304 = VERTEX_POINT ( 'NONE', #2495 ) ;
#305 = SURFACE_STYLE_USAGE ( .BOTH. , #2887 ) ;
#306 = CARTESIAN_POINT ( 'NONE',  ( 0.03899999999999996525, 0.3003251848702927496, 0.05000000000000004441 ) ) ;
#307 = VERTEX_POINT ( 'NONE', #709 ) ;
#308 = PLANE ( 'NONE',  #2647 ) ;
#309 = DIRECTION ( 'NONE',  ( 1.000000000000000000, 0.0000000000000000000, 0.0000000000000000000 ) ) ;
#310 = PRESENTATION_LAYER_ASSIGNMENT (  '', '', ( #1911 ) ) ;
#311 = PRESENTATION_STYLE_ASSIGNMENT (( #1931 ) ) ;
#312 = DIRECTION ( 'NONE',  ( 1.000000000000000000, 1.179147096712820967E-16, 0.0000000000000000000 ) ) ;
#313 =( NAMED_UNIT ( * ) SI_UNIT ( $, .STERADIAN. ) SOLID_ANGLE_UNIT ( ) );
#314 = FILL_AREA_STYLE ('',( #1427 ) ) ;
#315 = MECHANICAL_DESIGN_GEOMETRIC_PRESENTATION_REPRESENTATION (  '', ( #1584 ), #257 ) ;
#316 = ORIENTED_EDGE ( 'NONE', *, *, #849, .T. ) ;
#317 = PRESENTATION_STYLE_ASSIGNMENT (( #367 ) ) ;
#318 =( LENGTH_UNIT ( ) NAMED_UNIT ( * ) SI_UNIT ( $, .METRE. ) );
#319 = ADVANCED_FACE ( 'NONE', ( #207 ), #3300, .F. ) ;
#320 = FILL_AREA_STYLE_COLOUR ( '', #2739 ) ;
#321 = DIRECTION ( 'NONE',  ( 0.0000000000000000000, 0.9859808854580930371, -0.1668583036929084107 ) ) ;
#322 = ORIENTED_EDGE ( 'NONE', *, *, #1673, .F. ) ;
#323 = CARTESIAN_POINT ( 'NONE',  ( 0.03899999999999996525, 0.02567481512970725202, 0.06500000000000004385 ) ) ;
#324 =( NAMED_UNIT ( * ) SI_UNIT ( $, .STERADIAN. ) SOLID_ANGLE_UNIT ( ) );
#325 = DIRECTION ( 'NONE',  ( -1.000000000000000000, -0.0000000000000000000, -0.0000000000000000000 ) ) ;
#326 = DIMENSIONAL_EXPONENTS ( 1.000000000000000000, 0.0000000000000000000, 0.0000000000000000000, 0.0000000000000000000, 0.0000000000000000000, 0.0000000000000000000, 0.0000000000000000000 ) ;
#327 = LINE ( 'NONE', #2464, #3050 ) ;
#328 = CARTESIAN_POINT ( 'NONE',  ( 0.09199999999999997069, 0.03500000000000001721, 0.06500000000000004385 ) ) ;
#329 = PRESENTATION_STYLE_ASSIGNMENT (( #348 ) ) ;
#330 = EDGE_CURVE ( 'NONE', #239, #788, #2511, .T. ) ;
#331 = DIRECTION ( 'NONE',  ( 1.000000000000000000, 1.179147096712820967E-16, 0.0000000000000000000 ) ) ;
#332 = LENGTH_MEASURE_WITH_UNIT ( LENGTH_MEASURE( 0.02539999999999999897 ), #1080 );
#333 =( LENGTH_UNIT ( ) NAMED_UNIT ( * ) SI_UNIT ( $, .METRE. ) );
#334 = EDGE_CURVE ( 'NONE', #304, #29, #190, .T. ) ;
#335 = ORIENTED_EDGE ( 'NONE', *, *, #2770, .T. ) ;
#336 = DIRECTION ( 'NONE',  ( 1.000000000000000000, 0.0000000000000000000, 0.0000000000000000000 ) ) ;
#337 = DIRECTION ( 'NONE',  ( -1.000000000000000000, 0.0000000000000000000, -0.0000000000000000000 ) ) ;
#338 = EDGE_CURVE ( 'NONE', #2741, #1577, #236, .T. ) ;
#339 =( GEOMETRIC_REPRESENTATION_CONTEXT ( 3 ) GLOBAL_UNCERTAINTY_ASSIGNED_CONTEXT ( ( #129 ) ) GLOBAL_UNIT_ASSIGNED_CONTEXT ( ( #2458, #2243, #2782 ) ) REPRESENTATION_CONTEXT ( 'NONE', 'WORKASPACE' ) );
#340 = CLOSED_SHELL ( 'NONE', ( #2803, #3029, #291, #1176, #2023, #34, #2769, #638, #1217, #3118, #3163, #1823, #2569, #3013, #1567, #3395, #1132, #1760, #1607, #3072, #3091, #629, #1814, #1408, #2513, #2426, #2719, #1106, #2917, #2250, #2827, #3206, #1945, #1900, #427, #991, #2989, #2866, #464, #3388, #2201, #821, #204, #2848, #2001, #147, #437, #2307, #319, #1066, #914, #1921, #1967, #781, #235, #545, #505, #3088, #2781, #1277, #889, #2734, #2288, #2133, #436, #1565, #1197, #1463, #2631 ) ) ;
#341 = CIRCLE ( 'NONE', #837, 0.01000000000000000021 ) ;
#342 = ORIENTED_EDGE ( 'NONE', *, *, #3229, .F. ) ;
#343 = SURFACE_SIDE_STYLE ('',( #1111 ) ) ;
#344 = SURFACE_STYLE_USAGE ( .BOTH. , #2952 ) ;
#345 = CIRCLE ( 'NONE', #2209, 0.02500000000000000139 ) ;
#346 = VECTOR ( 'NONE', #3258, 39.37007874015748143 ) ;
#347 = DIRECTION ( 'NONE',  ( -1.000000000000000000, 0.0000000000000000000, -0.0000000000000000000 ) ) ;
#348 = SURFACE_STYLE_USAGE ( .BOTH. , #471 ) ;
#349 = AXIS2_PLACEMENT_3D ( 'NONE', #1721, #3082, #468 ) ;
#350 = ORIENTED_EDGE ( 'NONE', *, *, #1452, .F. ) ;
#351 = SURFACE_STYLE_USAGE ( .BOTH. , #1433 ) ;
#352 = AXIS2_PLACEMENT_3D ( 'NONE', #846, #2950, #1901 ) ;
#353 = VECTOR ( 'NONE', #1166, 39.37007874015748143 ) ;
#354 = FILL_AREA_STYLE_COLOUR ( '', #2526 ) ;
#355 = VECTOR ( 'NONE', #2390, 39.37007874015748143 ) ;
#356 = UNCERTAINTY_MEASURE_WITH_UNIT (LENGTH_MEASURE( 1.000000000000000082E-05 ), #3349, 'distance_accuracy_value', 'NONE');
#357 = ORIENTED_EDGE ( 'NONE', *, *, #1494, .T. ) ;
#358 = DIRECTION ( 'NONE',  ( -1.000000000000000000, -0.0000000000000000000, -0.0000000000000000000 ) ) ;
#359 = FILL_AREA_STYLE_COLOUR ( '', #94 ) ;
#360 = DIRECTION ( 'NONE',  ( -0.0000000000000000000, 0.0000000000000000000, -1.000000000000000000 ) ) ;
#361 = UNCERTAINTY_MEASURE_WITH_UNIT (LENGTH_MEASURE( 1.000000000000000082E-05 ), #146, 'distance_accuracy_value', 'NONE');
#362 = EDGE_CURVE ( 'NONE', #1555, #3311, #1294, .T. ) ;
#363 =( CONVERSION_BASED_UNIT ( 'INCH', #2694 ) LENGTH_UNIT ( ) NAMED_UNIT ( #2958 ) );
#364 = ORIENTED_EDGE ( 'NONE', *, *, #567, .T. ) ;
#365 = DIRECTION ( 'NONE',  ( 1.000000000000000000, 0.0000000000000000000, 0.0000000000000000000 ) ) ;
#366 = SURFACE_STYLE_USAGE ( .BOTH. , #1685 ) ;
#367 = SURFACE_STYLE_USAGE ( .BOTH. , #2700 ) ;
#368 = SURFACE_STYLE_USAGE ( .BOTH. , #2493 ) ;
#369 = ORIENTED_EDGE ( 'NONE', *, *, #3308, .T. ) ;
#370 = CARTESIAN_POINT ( 'NONE',  ( -0.02500000000000000486, 0.03500000000000000333, 0.1380000000000000115 ) ) ;
#371 = CARTESIAN_POINT ( 'NONE',  ( 0.1559999999999999998, 0.03500000000000002415, 0.06500000000000004385 ) ) ;
#372 = VERTEX_POINT ( 'NONE', #1821 ) ;
#373 =( NAMED_UNIT ( * ) SI_UNIT ( $, .STERADIAN. ) SOLID_ANGLE_UNIT ( ) );
#374 = LINE ( 'NONE', #926, #1671 ) ;
#375 = VERTEX_POINT ( 'NONE', #816 ) ;
#376 = EDGE_CURVE ( 'NONE', #2788, #1293, #2092, .T. ) ;
#377 = DIRECTION ( 'NONE',  ( -0.0000000000000000000, 0.08715574274766532681, 0.9961946980917448791 ) ) ;
#378 = DIRECTION ( 'NONE',  ( -1.000000000000000000, -0.0000000000000000000, -0.0000000000000000000 ) ) ;
#379 = LINE ( 'NONE', #2178, #353 ) ;
#380 = ORIENTED_EDGE ( 'NONE', *, *, #299, .F. ) ;
#381 = EDGE_CURVE ( 'NONE', #1970, #1444, #2079, .T. ) ;
#382 =( CONVERSION_BASED_UNIT ( 'INCH', #2722 ) LENGTH_UNIT ( ) NAMED_UNIT ( #1629 ) );
#383 = CYLINDRICAL_SURFACE ( 'NONE', #3147, 0.01499999999999999424 ) ;
#384 = EDGE_CURVE ( 'NONE', #1456, #397, #1034, .T. ) ;
#385 = UNCERTAINTY_MEASURE_WITH_UNIT (LENGTH_MEASURE( 1.000000000000000082E-05 ), #2523, 'distance_accuracy_value', 'NONE');
#386 = ORIENTED_EDGE ( 'NONE', *, *, #2210, .F. ) ;
#387 = DIRECTION ( 'NONE',  ( 0.0000000000000000000, -0.1668583036929084107, -0.9859808854580930371 ) ) ;
#388 = FILL_AREA_STYLE_COLOUR ( '', #1188 ) ;
#389 = LENGTH_MEASURE_WITH_UNIT ( LENGTH_MEASURE( 0.02539999999999999897 ), #1728 );
#390 = EDGE_LOOP ( 'NONE', ( #2445, #1879, #3154, #2564 ) ) ;
#391 = SURFACE_SIDE_STYLE ('',( #3076 ) ) ;
#392 = VECTOR ( 'NONE', #3385, 39.37007874015748143 ) ;
#393 = DIRECTION ( 'NONE',  ( -0.0000000000000000000, 1.000000000000000000, -0.0000000000000000000 ) ) ;
#394 = ORIENTED_EDGE ( 'NONE', *, *, #2658, .T. ) ;
#395 = CIRCLE ( 'NONE', #2308, 0.02500000000000000139 ) ;
#396 = CIRCLE ( 'NONE', #900, 0.01499999999999999944 ) ;
#397 = VERTEX_POINT ( 'NONE', #3141 ) ;
#398 = LENGTH_MEASURE_WITH_UNIT ( LENGTH_MEASURE( 0.02539999999999999897 ), #2129 );
#399 = VERTEX_POINT ( 'NONE', #551 ) ;
#400 =( NAMED_UNIT ( * ) SI_UNIT ( $, .STERADIAN. ) SOLID_ANGLE_UNIT ( ) );
#401 = MECHANICAL_DESIGN_GEOMETRIC_PRESENTATION_REPRESENTATION (  '', ( #142 ), #2044 ) ;
#402 = CARTESIAN_POINT ( 'NONE',  ( 0.004682509528572100649, 0.05562821319943792725, 0.1380000000000160820 ) ) ;
#403 = FILL_AREA_STYLE ('',( #3286 ) ) ;
#404 = DIRECTION ( 'NONE',  ( 1.000000000000000000, 0.0000000000000000000, 0.0000000000000000000 ) ) ;
#405 = PRESENTATION_LAYER_ASSIGNMENT (  '', '', ( #3106 ) ) ;
#406 =( NAMED_UNIT ( * ) SI_UNIT ( $, .STERADIAN. ) SOLID_ANGLE_UNIT ( ) );
#407 = SURFACE_SIDE_STYLE ('',( #1981 ) ) ;
#408 = VECTOR ( 'NONE', #2836, 39.37007874015748143 ) ;
#409 = AXIS2_PLACEMENT_3D ( 'NONE', #3187, #309, #1677 ) ;
#410 = PRESENTATION_LAYER_ASSIGNMENT (  '', '', ( #1904 ) ) ;
#411 = CARTESIAN_POINT ( 'NONE',  ( 0.1389999999999999847, 0.3151148981521642023, 0.05250287455539367348 ) ) ;
#412 = ORIENTED_EDGE ( 'NONE', *, *, #1638, .T. ) ;
#413 = PLANE ( 'NONE',  #1339 ) ;
#414 = ORIENTED_EDGE ( 'NONE', *, *, #938, .T. ) ;
#415 = LINE ( 'NONE', #2491, #2986 ) ;
#416 =( NAMED_UNIT ( * ) SI_UNIT ( $, .STERADIAN. ) SOLID_ANGLE_UNIT ( ) );
#417 = CARTESIAN_POINT ( 'NONE',  ( 0.03899999999999996525, 0.2910000000000000364, 0.06500000000000004385 ) ) ;
#418 = EDGE_LOOP ( 'NONE', ( #98, #3209, #1432, #630 ) ) ;
#419 =( GEOMETRIC_REPRESENTATION_CONTEXT ( 3 ) GLOBAL_UNCERTAINTY_ASSIGNED_CONTEXT ( ( #1094 ) ) GLOBAL_UNIT_ASSIGNED_CONTEXT ( ( #2303, #2546, #1545 ) ) REPRESENTATION_CONTEXT ( 'NONE', 'WORKASPACE' ) );
#420 = DIRECTION ( 'NONE',  ( -1.000000000000000000, 0.0000000000000000000, -0.0000000000000000000 ) ) ;
#421 = LINE ( 'NONE', #1192, #1882 ) ;
#422 =( NAMED_UNIT ( * ) PLANE_ANGLE_UNIT ( ) SI_UNIT ( $, .RADIAN. ) );
#423 = PLANE ( 'NONE',  #2483 ) ;
#424 = VECTOR ( 'NONE', #2935, 39.37007874015748143 ) ;
#425 =( LENGTH_UNIT ( ) NAMED_UNIT ( * ) SI_UNIT ( $, .METRE. ) );
#426 =( CONVERSION_BASED_UNIT ( 'INCH', #1195 ) LENGTH_UNIT ( ) NAMED_UNIT ( #2150 ) );
#427 = ADVANCED_FACE ( 'NONE', ( #280 ), #2607, .T. ) ;
#428 = DIRECTION ( 'NONE',  ( 0.08682659386425457815, 0.08682659386425467529, -0.9924325091389657461 ) ) ;
#429 = DIRECTION ( 'NONE',  ( 0.0000000000000000000, 0.0000000000000000000, -1.000000000000000000 ) ) ;
#430 = FILL_AREA_STYLE ('',( #2753 ) ) ;
#431 = ORIENTED_EDGE ( 'NONE', *, *, #923, .T. ) ;
#432 = FILL_AREA_STYLE_COLOUR ( '', #1327 ) ;
#433 =( NAMED_UNIT ( * ) SI_UNIT ( $, .STERADIAN. ) SOLID_ANGLE_UNIT ( ) );
#434 = ORIENTED_EDGE ( 'NONE', *, *, #2672, .F. ) ;
#435 = FILL_AREA_STYLE ('',( #696 ) ) ;
#436 = ADVANCED_FACE ( 'NONE', ( #52 ), #1076, .T. ) ;
#437 = ADVANCED_FACE ( 'NONE', ( #2953 ), #1411, .T. ) ;
#438 = DIRECTION ( 'NONE',  ( -1.000000000000000000, 0.0000000000000000000, -0.0000000000000000000 ) ) ;
#439 = FILL_AREA_STYLE ('',( #183 ) ) ;
#440 = FILL_AREA_STYLE ('',( #688 ) ) ;
#441 =( CONVERSION_BASED_UNIT ( 'INCH', #2488 ) LENGTH_UNIT ( ) NAMED_UNIT ( #1956 ) );
#442 = AXIS2_PLACEMENT_3D ( 'NONE', #829, #1951, #1855 ) ;
#443 =( GEOMETRIC_REPRESENTATION_CONTEXT ( 3 ) GLOBAL_UNCERTAINTY_ASSIGNED_CONTEXT ( ( #1810 ) ) GLOBAL_UNIT_ASSIGNED_CONTEXT ( ( #3074, #209, #3181 ) ) REPRESENTATION_CONTEXT ( 'NONE', 'WORKASPACE' ) );
#444 = ORIENTED_EDGE ( 'NONE', *, *, #802, .F. ) ;
#445 = FILL_AREA_STYLE_COLOUR ( '', #793 ) ;
#446 =( CONVERSION_BASED_UNIT ( 'INCH', #1252 ) LENGTH_UNIT ( ) NAMED_UNIT ( #2447 ) );
#447 = AXIS2_PLACEMENT_3D ( 'NONE', #3148, #3114, #2854 ) ;
#448 = VECTOR ( 'NONE', #3270, 39.37007874015748143 ) ;
#449 = STYLED_ITEM ( 'NONE', ( #1987 ), #2426 ) ;
#450 = ORIENTED_EDGE ( 'NONE', *, *, #1241, .T. ) ;
#451 = PLANE ( 'NONE',  #2968 ) ;
#452 = FILL_AREA_STYLE_COLOUR ( '', #75 ) ;
#453 = MECHANICAL_DESIGN_GEOMETRIC_PRESENTATION_REPRESENTATION (  '', ( #2978 ), #2414 ) ;
#454 =( GEOMETRIC_REPRESENTATION_CONTEXT ( 3 ) GLOBAL_UNCERTAINTY_ASSIGNED_CONTEXT ( ( #912 ) ) GLOBAL_UNIT_ASSIGNED_CONTEXT ( ( #180, #2262, #1732 ) ) REPRESENTATION_CONTEXT ( 'NONE', 'WORKASPACE' ) );
#455 = STYLED_ITEM ( 'NONE', ( #3195 ), #436 ) ;
#456 = CARTESIAN_POINT ( 'NONE',  ( 0.03899999999999996525, -0.01067481512970724390, 2.134256245050205639E-18 ) ) ;
#457 = CARTESIAN_POINT ( 'NONE',  ( 0.03899999999999996525, 0.3120252929932549324, 0.01082854240767729299 ) ) ;
#458 = VECTOR ( 'NONE', #3333, 39.37007874015748143 ) ;
#459 = DIRECTION ( 'NONE',  ( 1.000000000000000000, 0.0000000000000000000, 0.0000000000000000000 ) ) ;
#460 = ORIENTED_EDGE ( 'NONE', *, *, #334, .T. ) ;
#461 = SURFACE_STYLE_FILL_AREA ( #717 ) ;
#462 = DIRECTION ( 'NONE',  ( -1.000000000000000000, -0.0000000000000000000, -0.0000000000000000000 ) ) ;
#463 = PLANE ( 'NONE',  #3380 ) ;
#464 = ADVANCED_FACE ( 'NONE', ( #2432 ), #1430, .T. ) ;
#465 = MECHANICAL_DESIGN_GEOMETRIC_PRESENTATION_REPRESENTATION (  '', ( #2221 ), #2809 ) ;
#466 =( GEOMETRIC_REPRESENTATION_CONTEXT ( 3 ) GLOBAL_UNCERTAINTY_ASSIGNED_CONTEXT ( ( #1182 ) ) GLOBAL_UNIT_ASSIGNED_CONTEXT ( ( #2551, #2295, #1084 ) ) REPRESENTATION_CONTEXT ( 'NONE', 'WORKASPACE' ) );
#467 = VERTEX_POINT ( 'NONE', #1649 ) ;
#468 = DIRECTION ( 'NONE',  ( -1.000000000000000000, -0.0000000000000000000, 0.0000000000000000000 ) ) ;
#469 = SURFACE_SIDE_STYLE ('',( #2807 ) ) ;
#470 = VERTEX_POINT ( 'NONE', #328 ) ;
#471 = SURFACE_SIDE_STYLE ('',( #2547 ) ) ;
#472 = ORIENTED_EDGE ( 'NONE', *, *, #585, .T. ) ;
#473 = LINE ( 'NONE', #456, #2908 ) ;
#474 = PLANE ( 'NONE',  #1023 ) ;
#475 = SURFACE_STYLE_FILL_AREA ( #1798 ) ;
#476 = AXIS2_PLACEMENT_3D ( 'NONE', #1435, #697, #3271 ) ;
#477 =( LENGTH_UNIT ( ) NAMED_UNIT ( * ) SI_UNIT ( $, .METRE. ) );
#478 =( NAMED_UNIT ( * ) PLANE_ANGLE_UNIT ( ) SI_UNIT ( $, .RADIAN. ) );
#479 = DIRECTION ( 'NONE',  ( -1.000000000000000000, -0.0000000000000000000, -0.0000000000000000000 ) ) ;
#480 = EDGE_CURVE ( 'NONE', #2157, #3171, #2555, .T. ) ;
#481 = ORIENTED_EDGE ( 'NONE', *, *, #590, .F. ) ;
#482 = LENGTH_MEASURE_WITH_UNIT ( LENGTH_MEASURE( 0.02539999999999999897 ), #2633 );
#483 = DIRECTION ( 'NONE',  ( 1.000000000000000000, -0.0000000000000000000, -0.0000000000000000000 ) ) ;
#484 = EDGE_CURVE ( 'NONE', #2340, #1095, #2541, .T. ) ;
#485 = ORIENTED_EDGE ( 'NONE', *, *, #118, .F. ) ;
#486 = EDGE_CURVE ( 'NONE', #1444, #2204, #415, .T. ) ;
#487 = FILL_AREA_STYLE ('',( #208 ) ) ;
#488 = PLANE ( 'NONE',  #1109 ) ;
#489 = PRESENTATION_LAYER_ASSIGNMENT (  '', '', ( #2669 ) ) ;
#490 = DIRECTION ( 'NONE',  ( -0.0000000000000000000, -1.000000000000000000, -0.0000000000000000000 ) ) ;
#491 = DIRECTION ( 'NONE',  ( 0.0000000000000000000, -1.000000000000000000, 0.0000000000000000000 ) ) ;
#492 = FILL_AREA_STYLE_COLOUR ( '', #628 ) ;
#493 = VERTEX_POINT ( 'NONE', #1741 ) ;
#494 = CARTESIAN_POINT ( 'NONE',  ( 0.03899999999999996525, 0.2901251133647407277, 0.05500000000000004191 ) ) ;
#495 = PRODUCT_CONTEXT ( 'NONE', #2711, 'mechanical' ) ;
#496 = DIRECTION ( 'NONE',  ( 1.000000000000000000, 1.179147096712820967E-16, 0.0000000000000000000 ) ) ;
#497 = ORIENTED_EDGE ( 'NONE', *, *, #870, .F. ) ;
#498 = DIRECTION ( 'NONE',  ( 0.0000000000000000000, 0.1668583036929084384, -0.9859808854580930371 ) ) ;
#499 =( LENGTH_UNIT ( ) NAMED_UNIT ( * ) SI_UNIT ( $, .METRE. ) );
#500 = VECTOR ( 'NONE', #14, 39.37007874015748143 ) ;
#501 = EDGE_LOOP ( 'NONE', ( #1630, #1883, #617, #1207 ) ) ;
#502 =( CONVERSION_BASED_UNIT ( 'INCH', #1837 ) LENGTH_UNIT ( ) NAMED_UNIT ( #2875 ) );
#503 = ORIENTED_EDGE ( 'NONE', *, *, #238, .F. ) ;
#504 = PRESENTATION_LAYER_ASSIGNMENT (  '', '', ( #230 ) ) ;
#505 = ADVANCED_FACE ( 'NONE', ( #945 ), #2003, .F. ) ;
#506 = STYLED_ITEM ( 'NONE', ( #329 ), #2288 ) ;
#507 = PRODUCT_RELATED_PRODUCT_CATEGORY ( 'part', '', ( #3175 ) ) ;
#508 = AXIS2_PLACEMENT_3D ( 'NONE', #1460, #483, #932 ) ;
#509 =( NAMED_UNIT ( * ) SI_UNIT ( $, .STERADIAN. ) SOLID_ANGLE_UNIT ( ) );
#510 =( NAMED_UNIT ( * ) SI_UNIT ( $, .STERADIAN. ) SOLID_ANGLE_UNIT ( ) );
#511 = SURFACE_STYLE_USAGE ( .BOTH. , #1586 ) ;
#512 = AXIS2_PLACEMENT_3D ( 'NONE', #1484, #462, #970 ) ;
#513 = PRESENTATION_LAYER_ASSIGNMENT (  '', '', ( #2746 ) ) ;
#514 = DIRECTION ( 'NONE',  ( 0.0000000000000000000, 0.0000000000000000000, -1.000000000000000000 ) ) ;
#515 = DIMENSIONAL_EXPONENTS ( 1.000000000000000000, 0.0000000000000000000, 0.0000000000000000000, 0.0000000000000000000, 0.0000000000000000000, 0.0000000000000000000, 0.0000000000000000000 ) ;
#516 = ORIENTED_EDGE ( 'NONE', *, *, #528, .F. ) ;
#517 = DIRECTION ( 'NONE',  ( -1.000000000000000000, 0.0000000000000000000, -0.0000000000000000000 ) ) ;
#518 = CIRCLE ( 'NONE', #1627, 0.01499999999999999771 ) ;
#519 = CYLINDRICAL_SURFACE ( 'NONE', #2697, 0.004999999999999997502 ) ;
#520 = EDGE_LOOP ( 'NONE', ( #2578, #2078, #24, #1658 ) ) ;
#521 = PRESENTATION_LAYER_ASSIGNMENT (  '', '', ( #1281 ) ) ;
#522 = FACE_OUTER_BOUND ( 'NONE', #520, .T. ) ;
#523 = VECTOR ( 'NONE', #789, 39.37007874015748143 ) ;
#524 = VECTOR ( 'NONE', #337, 39.37007874015748143 ) ;
#525 = VERTEX_POINT ( 'NONE', #1449 ) ;
#526 =( NAMED_UNIT ( * ) PLANE_ANGLE_UNIT ( ) SI_UNIT ( $, .RADIAN. ) );
#527 = CARTESIAN_POINT ( 'NONE',  ( 0.1389999999999999847, 0.3218851018478358639, 0.01249712544460637904 ) ) ;
#528 = EDGE_CURVE ( 'NONE', #1126, #3382, #1473, .T. ) ;
#529 =( CONVERSION_BASED_UNIT ( 'INCH', #765 ) LENGTH_UNIT ( ) NAMED_UNIT ( #3157 ) );
#530 = CARTESIAN_POINT ( 'NONE',  ( -0.008000000000000036596, -0.01067481512970724390, 2.134256245050205639E-18 ) ) ;
#531 = UNCERTAINTY_MEASURE_WITH_UNIT (LENGTH_MEASURE( 1.000000000000000082E-05 ), #382, 'distance_accuracy_value', 'NONE');
#532 = ORIENTED_EDGE ( 'NONE', *, *, #484, .T. ) ;
#533 =( NAMED_UNIT ( * ) SI_UNIT ( $, .STERADIAN. ) SOLID_ANGLE_UNIT ( ) );
#534 = EDGE_CURVE ( 'NONE', #2097, #1894, #722, .T. ) ;
#535 =( GEOMETRIC_REPRESENTATION_CONTEXT ( 3 ) GLOBAL_UNCERTAINTY_ASSIGNED_CONTEXT ( ( #3004 ) ) GLOBAL_UNIT_ASSIGNED_CONTEXT ( ( #77, #59, #292 ) ) REPRESENTATION_CONTEXT ( 'NONE', 'WORKASPACE' ) );
#536 = ORIENTED_EDGE ( 'NONE', *, *, #2957, .F. ) ;
#537 =( LENGTH_UNIT ( ) NAMED_UNIT ( * ) SI_UNIT ( $, .METRE. ) );
#538 = FILL_AREA_STYLE_COLOUR ( '', #1839 ) ;
#539 = FILL_AREA_STYLE ('',( #814 ) ) ;
#540 = CARTESIAN_POINT ( 'NONE',  ( 0.1389999999999999847, 0.02567481512970726590, 0.05500000000000004191 ) ) ;
#541 = CARTESIAN_POINT ( 'NONE',  ( 0.1389999999999999847, 0.02567481512970726590, 0.05000000000000004441 ) ) ;
#542 = CARTESIAN_POINT ( 'NONE',  ( 0.09199999999999997069, 0.2910000000000000364, 0.06500000000000004385 ) ) ;
#543 = ORIENTED_EDGE ( 'NONE', *, *, #1032, .T. ) ;
#544 = CARTESIAN_POINT ( 'NONE',  ( 0.1389999999999999847, 0.01397470700674509347, 0.01082854240767729299 ) ) ;
#545 = ADVANCED_FACE ( 'NONE', ( #2806 ), #2286, .F. ) ;
#546 = ORIENTED_EDGE ( 'NONE', *, *, #2263, .T. ) ;
#547 = EDGE_CURVE ( 'NONE', #1180, #2843, #2322, .T. ) ;
#548 = DIRECTION ( 'NONE',  ( -0.0000000000000000000, -1.000000000000000000, -0.0000000000000000000 ) ) ;
#549 = PRESENTATION_STYLE_ASSIGNMENT (( #1030 ) ) ;
#550 = APPLICATION_CONTEXT ( 'automotive_design' ) ;
#551 = CARTESIAN_POINT ( 'NONE',  ( -0.008000000000000036596, 0.3366748151297073166, 2.134256245050205639E-18 ) ) ;
#552 = MECHANICAL_DESIGN_GEOMETRIC_PRESENTATION_REPRESENTATION (  '', ( #1938 ), #2305 ) ;
#553 = PRESENTATION_STYLE_ASSIGNMENT (( #2899 ) ) ;
#554 = CARTESIAN_POINT ( 'NONE',  ( 0.1389999999999999847, 0.3052550892975832153, 0.05083429151846458743 ) ) ;
#555 = COLOUR_RGB ( '',0.7529411764705882248, 0.7529411764705882248, 0.7529411764705882248 ) ;
#556 =( GEOMETRIC_REPRESENTATION_CONTEXT ( 3 ) GLOBAL_UNCERTAINTY_ASSIGNED_CONTEXT ( ( #1782 ) ) GLOBAL_UNIT_ASSIGNED_CONTEXT ( ( #2625, #3198, #1642 ) ) REPRESENTATION_CONTEXT ( 'NONE', 'WORKASPACE' ) );
#557 = FACE_OUTER_BOUND ( 'NONE', #2151, .T. ) ;
#558 = CARTESIAN_POINT ( 'NONE',  ( 0.1389999999999999847, 0.3629999999999999893, -0.01000000000000000021 ) ) ;
#559 = UNCERTAINTY_MEASURE_WITH_UNIT (LENGTH_MEASURE( 1.000000000000000082E-05 ), #2169, 'distance_accuracy_value', 'NONE');
#560 = COLOUR_RGB ( '',0.7529411764705882248, 0.7529411764705882248, 0.7529411764705882248 ) ;
#561 = CIRCLE ( 'NONE', #1218, 0.01499999999999999771 ) ;
#562 = AXIS2_PLACEMENT_3D ( 'NONE', #177, #420, #1477 ) ;
#563 = ORIENTED_EDGE ( 'NONE', *, *, #2558, .F. ) ;
#564 =( CONVERSION_BASED_UNIT ( 'INCH', #2947 ) LENGTH_UNIT ( ) NAMED_UNIT ( #515 ) );
#565 = STYLED_ITEM ( 'NONE', ( #2258 ), #2133 ) ;
#566 = SURFACE_SIDE_STYLE ('',( #1608 ) ) ;
#567 = EDGE_CURVE ( 'NONE', #2859, #1456, #1263, .T. ) ;
#568 = CARTESIAN_POINT ( 'NONE',  ( 0.03899999999999996525, 0.02074491070241678975, 0.05083429151846458743 ) ) ;
#569 = LINE ( 'NONE', #3210, #907 ) ;
#570 = SURFACE_SIDE_STYLE ('',( #1307 ) ) ;
#571 = ORIENTED_EDGE ( 'NONE', *, *, #2117, .F. ) ;
#572 = SURFACE_STYLE_FILL_AREA ( #1149 ) ;
#573 = VECTOR ( 'NONE', #705, 39.37007874015748143 ) ;
#574 = AXIS2_PLACEMENT_3D ( 'NONE', #2563, #737, #1853 ) ;
#575 = AXIS2_PLACEMENT_3D ( 'NONE', #2260, #1965, #1980 ) ;
#576 = VERTEX_POINT ( 'NONE', #811 ) ;
#577 = SURFACE_STYLE_USAGE ( .BOTH. , #2927 ) ;
#578 = DIMENSIONAL_EXPONENTS ( 1.000000000000000000, 0.0000000000000000000, 0.0000000000000000000, 0.0000000000000000000, 0.0000000000000000000, 0.0000000000000000000, 0.0000000000000000000 ) ;
#579 = VERTEX_POINT ( 'NONE', #274 ) ;
#580 = VERTEX_POINT ( 'NONE', #1013 ) ;
#581 = CARTESIAN_POINT ( 'NONE',  ( 0.1560000000000000275, 0.2910000000000000364, 0.07299999999999996769 ) ) ;
#582 = DIRECTION ( 'NONE',  ( -1.000000000000000000, -0.0000000000000000000, -0.0000000000000000000 ) ) ;
#583 = CARTESIAN_POINT ( 'NONE',  ( 0.09199999999999997069, 0.3052550892975832153, 0.05083429151846459437 ) ) ;
#584 = COLOUR_RGB ( '',0.7529411764705882248, 0.7529411764705882248, 0.7529411764705882248 ) ;
#585 = EDGE_CURVE ( 'NONE', #579, #375, #2046, .T. ) ;
#586 = PRODUCT_DEFINITION_SHAPE ( 'NONE', 'NONE',  #2472 ) ;
#587 = DIRECTION ( 'NONE',  ( 0.0000000000000000000, 0.1668583036929084384, 0.9859808854580930371 ) ) ;
#588 =( LENGTH_UNIT ( ) NAMED_UNIT ( * ) SI_UNIT ( $, .METRE. ) );
#589 = UNCERTAINTY_MEASURE_WITH_UNIT (LENGTH_MEASURE( 1.000000000000000082E-05 ), #281, 'distance_accuracy_value', 'NONE');
#590 = EDGE_CURVE ( 'NONE', #58, #2502, #1594, .T. ) ;
#591 = DIRECTION ( 'NONE',  ( -0.0000000000000000000, -0.0000000000000000000, -1.000000000000000000 ) ) ;
#592 = PRESENTATION_STYLE_ASSIGNMENT (( #1079 ) ) ;
#593 = FACE_OUTER_BOUND ( 'NONE', #270, .T. ) ;
#594 = SURFACE_SIDE_STYLE ('',( #2928 ) ) ;
#595 = EDGE_LOOP ( 'NONE', ( #543, #242, #663, #357 ) ) ;
#596 =( LENGTH_UNIT ( ) NAMED_UNIT ( * ) SI_UNIT ( $, .METRE. ) );
#597 = PRESENTATION_STYLE_ASSIGNMENT (( #2444 ) ) ;
#598 = ORIENTED_EDGE ( 'NONE', *, *, #954, .T. ) ;
#599 = LINE ( 'NONE', #2678, #3273 ) ;
#600 = LINE ( 'NONE', #1073, #3153 ) ;
#601 = DIRECTION ( 'NONE',  ( 0.0000000000000000000, -1.000000000000000000, 0.0000000000000000000 ) ) ;
#602 = DIMENSIONAL_EXPONENTS ( 1.000000000000000000, 0.0000000000000000000, 0.0000000000000000000, 0.0000000000000000000, 0.0000000000000000000, 0.0000000000000000000, 0.0000000000000000000 ) ;
#603 = EDGE_LOOP ( 'NONE', ( #3348, #497, #3325, #2392 ) ) ;
#604 =( NAMED_UNIT ( * ) PLANE_ANGLE_UNIT ( ) SI_UNIT ( $, .RADIAN. ) );
#605 = SURFACE_SIDE_STYLE ('',( #1600 ) ) ;
#606 = ORIENTED_EDGE ( 'NONE', *, *, #164, .T. ) ;
#607 = LENGTH_MEASURE_WITH_UNIT ( LENGTH_MEASURE( 0.02539999999999999897 ), #2116 );
#608 = EDGE_CURVE ( 'NONE', #2, #1772, #2065, .T. ) ;
#609 = VERTEX_POINT ( 'NONE', #3121 ) ;
#610 = LINE ( 'NONE', #2121, #2592 ) ;
#611 =( NAMED_UNIT ( * ) SI_UNIT ( $, .STERADIAN. ) SOLID_ANGLE_UNIT ( ) );
#612 =( NAMED_UNIT ( * ) SI_UNIT ( $, .STERADIAN. ) SOLID_ANGLE_UNIT ( ) );
#613 =( GEOMETRIC_REPRESENTATION_CONTEXT ( 3 ) GLOBAL_UNCERTAINTY_ASSIGNED_CONTEXT ( ( #2014 ) ) GLOBAL_UNIT_ASSIGNED_CONTEXT ( ( #529, #220, #509 ) ) REPRESENTATION_CONTEXT ( 'NONE', 'WORKASPACE' ) );
#614 = COLOUR_RGB ( '',0.7529411764705882248, 0.7529411764705882248, 0.7529411764705882248 ) ;
#615 = AXIS2_PLACEMENT_3D ( 'NONE', #2348, #1828, #3371 ) ;
#616 = FILL_AREA_STYLE ('',( #3189 ) ) ;
#617 = ORIENTED_EDGE ( 'NONE', *, *, #2402, .T. ) ;
#618 = FILL_AREA_STYLE ('',( #2397 ) ) ;
#619 = CARTESIAN_POINT ( 'NONE',  ( 0.1559999999999999998, 0.03500000000000002415, 0.06500000000000004385 ) ) ;
#620 = COLOUR_RGB ( '',0.2549019607843137081, 0.2549019607843137081, 0.2549019607843137081 ) ;
#621 = ORIENTED_EDGE ( 'NONE', *, *, #198, .T. ) ;
#622 = PRESENTATION_LAYER_ASSIGNMENT (  '', '', ( #3035 ) ) ;
#623 = DIMENSIONAL_EXPONENTS ( 1.000000000000000000, 0.0000000000000000000, 0.0000000000000000000, 0.0000000000000000000, 0.0000000000000000000, 0.0000000000000000000, 0.0000000000000000000 ) ;
#624 = ORIENTED_EDGE ( 'NONE', *, *, #774, .F. ) ;
#625 = MECHANICAL_DESIGN_GEOMETRIC_PRESENTATION_REPRESENTATION (  '', ( #2808 ), #1334 ) ;
#626 = STYLED_ITEM ( 'NONE', ( #2018 ), #1567 ) ;
#627 =( NAMED_UNIT ( * ) PLANE_ANGLE_UNIT ( ) SI_UNIT ( $, .RADIAN. ) );
#628 = COLOUR_RGB ( '',0.7529411764705882248, 0.7529411764705882248, 0.7529411764705882248 ) ;
#629 = ADVANCED_FACE ( 'NONE', ( #1869 ), #1029, .T. ) ;
#630 = ORIENTED_EDGE ( 'NONE', *, *, #1027, .T. ) ;
#631 = FILL_AREA_STYLE ('',( #2992 ) ) ;
#632 = DIRECTION ( 'NONE',  ( 1.174660086015586063E-16, -0.9961946980917448791, 0.08715574274766532681 ) ) ;
#633 =( CONVERSION_BASED_UNIT ( 'INCH', #1881 ) LENGTH_UNIT ( ) NAMED_UNIT ( #1893 ) );
#634 = UNCERTAINTY_MEASURE_WITH_UNIT (LENGTH_MEASURE( 1.000000000000000082E-05 ), #1019, 'distance_accuracy_value', 'NONE');
#635 = EDGE_CURVE ( 'NONE', #1283, #2859, #2937, .T. ) ;
#636 = FILL_AREA_STYLE ('',( #1997 ) ) ;
#637 = ORIENTED_EDGE ( 'NONE', *, *, #1543, .F. ) ;
#638 = ADVANCED_FACE ( 'NONE', ( #826 ), #2428, .T. ) ;
#639 = LINE ( 'NONE', #2160, #83 ) ;
#640 = STYLED_ITEM ( 'NONE', ( #1909 ), #2734 ) ;
#641 = DIRECTION ( 'NONE',  ( 0.0000000000000000000, 1.000000000000000000, 0.0000000000000000000 ) ) ;
#642 =( LENGTH_UNIT ( ) NAMED_UNIT ( * ) SI_UNIT ( $, .METRE. ) );
#643 = ORIENTED_EDGE ( 'NONE', *, *, #731, .F. ) ;
#644 = CARTESIAN_POINT ( 'NONE',  ( -0.008000000000000036596, 0.03587488663525931210, 0.05500000000000004191 ) ) ;
#645 = DIRECTION ( 'NONE',  ( -1.000000000000000000, 0.0000000000000000000, -0.0000000000000000000 ) ) ;
#646 = ORIENTED_EDGE ( 'NONE', *, *, #2210, .T. ) ;
#647 = LENGTH_MEASURE_WITH_UNIT ( LENGTH_MEASURE( 0.02539999999999999897 ), #196 );
#648 =( NAMED_UNIT ( * ) PLANE_ANGLE_UNIT ( ) SI_UNIT ( $, .RADIAN. ) );
#649 = PRESENTATION_STYLE_ASSIGNMENT (( #1465 ) ) ;
#650 = LINE ( 'NONE', #939, #2470 ) ;
#651 = ORIENTED_EDGE ( 'NONE', *, *, #1867, .F. ) ;
#652 = SURFACE_STYLE_USAGE ( .BOTH. , #1496 ) ;
#653 = EDGE_CURVE ( 'NONE', #1384, #279, #1933, .T. ) ;
#654 = ORIENTED_EDGE ( 'NONE', *, *, #486, .T. ) ;
#655 = UNCERTAINTY_MEASURE_WITH_UNIT (LENGTH_MEASURE( 1.000000000000000082E-05 ), #363, 'distance_accuracy_value', 'NONE');
#656 = ORIENTED_EDGE ( 'NONE', *, *, #1048, .T. ) ;
#657 = CARTESIAN_POINT ( 'NONE',  ( -0.008000000000000036596, -0.01067481512970724737, -0.01000000000000000021 ) ) ;
#658 = SURFACE_STYLE_FILL_AREA ( #2707 ) ;
#659 = DIRECTION ( 'NONE',  ( -1.000000000000000000, 0.0000000000000000000, 0.0000000000000000000 ) ) ;
#660 = VECTOR ( 'NONE', #1858, 39.37007874015748143 ) ;
#661 = FILL_AREA_STYLE_COLOUR ( '', #761 ) ;
#662 = UNCERTAINTY_MEASURE_WITH_UNIT (LENGTH_MEASURE( 1.000000000000000082E-05 ), #797, 'distance_accuracy_value', 'NONE');
#663 = ORIENTED_EDGE ( 'NONE', *, *, #2612, .F. ) ;
#664 = VECTOR ( 'NONE', #2849, 39.37007874015748143 ) ;
#665 =( CONVERSION_BASED_UNIT ( 'INCH', #1445 ) LENGTH_UNIT ( ) NAMED_UNIT ( #578 ) );
#666 = CARTESIAN_POINT ( 'NONE',  ( 0.03899999999999996525, 0.02567481512970725202, 0.05500000000000004191 ) ) ;
#667 = LINE ( 'NONE', #2787, #2156 ) ;
#668 = CARTESIAN_POINT ( 'NONE',  ( 0.03899999999999996525, 0.3366748151297073166, -0.01000000000000000021 ) ) ;
#669 = VECTOR ( 'NONE', #3176, 39.37007874015748143 ) ;
#670 = SURFACE_STYLE_USAGE ( .BOTH. , #3003 ) ;
#671 = LINE ( 'NONE', #1431, #1052 ) ;
#672 =( GEOMETRIC_REPRESENTATION_CONTEXT ( 3 ) GLOBAL_UNCERTAINTY_ASSIGNED_CONTEXT ( ( #2167 ) ) GLOBAL_UNIT_ASSIGNED_CONTEXT ( ( #2533, #1717, #3343 ) ) REPRESENTATION_CONTEXT ( 'NONE', 'WORKASPACE' ) );
#673 = ORIENTED_EDGE ( 'NONE', *, *, #3347, .T. ) ;
#674 = CIRCLE ( 'NONE', #1842, 0.01000000000000000021 ) ;
#675 = EDGE_CURVE ( 'NONE', #1071, #279, #1684, .T. ) ;
#676 = DIRECTION ( 'NONE',  ( -1.000000000000000000, -0.0000000000000000000, -0.0000000000000000000 ) ) ;
#677 = SURFACE_STYLE_USAGE ( .BOTH. , #2985 ) ;
#678 = FILL_AREA_STYLE ('',( #1992 ) ) ;
#679 = MECHANICAL_DESIGN_GEOMETRIC_PRESENTATION_REPRESENTATION (  '', ( #298 ), #1515 ) ;
#680 = PRESENTATION_STYLE_ASSIGNMENT (( #2212 ) ) ;
#681 = CARTESIAN_POINT ( 'NONE',  ( 0.1389999999999999847, 0.01088510184783587215, 0.05250287455539368042 ) ) ;
#682 = AXIS2_PLACEMENT_3D ( 'NONE', #2878, #10, #771 ) ;
#683 = FILL_AREA_STYLE ('',( #661 ) ) ;
#684 = AXIS2_PLACEMENT_3D ( 'NONE', #2646, #336, #880 ) ;
#685 = COLOUR_RGB ( '',0.7529411764705882248, 0.7529411764705882248, 0.7529411764705882248 ) ;
#686 = PRESENTATION_LAYER_ASSIGNMENT (  '', '', ( #3220 ) ) ;
#687 =( NAMED_UNIT ( * ) PLANE_ANGLE_UNIT ( ) SI_UNIT ( $, .RADIAN. ) );
#688 = FILL_AREA_STYLE_COLOUR ( '', #2417 ) ;
#689 = FILL_AREA_STYLE_COLOUR ( '', #3162 ) ;
#690 = ORIENTED_EDGE ( 'NONE', *, *, #1720, .F. ) ;
#691 =( LENGTH_UNIT ( ) NAMED_UNIT ( * ) SI_UNIT ( $, .METRE. ) );
#692 = LENGTH_MEASURE_WITH_UNIT ( LENGTH_MEASURE( 0.02539999999999999897 ), #3400 );
#693 = EDGE_CURVE ( 'NONE', #3054, #307, #3257, .T. ) ;
#694 = ORIENTED_EDGE ( 'NONE', *, *, #1588, .T. ) ;
#695 = MECHANICAL_DESIGN_GEOMETRIC_PRESENTATION_REPRESENTATION (  '', ( #2881 ), #1348 ) ;
#696 = FILL_AREA_STYLE_COLOUR ( '', #3211 ) ;
#697 = DIRECTION ( 'NONE',  ( 0.0000000000000000000, 0.0000000000000000000, -1.000000000000000000 ) ) ;
#698 = DIRECTION ( 'NONE',  ( -1.000000000000000000, 0.0000000000000000000, -0.0000000000000000000 ) ) ;
#699 = CIRCLE ( 'NONE', #1587, 0.01499999999999999944 ) ;
#700 = DIRECTION ( 'NONE',  ( 0.0000000000000000000, 0.1668583036929084107, -0.9859808854580930371 ) ) ;
#701 = LINE ( 'NONE', #3303, #2102 ) ;
#702 = UNCERTAINTY_MEASURE_WITH_UNIT (LENGTH_MEASURE( 1.000000000000000082E-05 ), #2282, 'distance_accuracy_value', 'NONE');
#703 =( NAMED_UNIT ( * ) SI_UNIT ( $, .STERADIAN. ) SOLID_ANGLE_UNIT ( ) );
#704 = ORIENTED_EDGE ( 'NONE', *, *, #2036, .T. ) ;
#705 = DIRECTION ( 'NONE',  ( -1.000000000000000000, 0.0000000000000000000, -0.0000000000000000000 ) ) ;
#706 = ORIENTED_EDGE ( 'NONE', *, *, #3331, .T. ) ;
#707 = LENGTH_MEASURE_WITH_UNIT ( LENGTH_MEASURE( 0.02539999999999999897 ), #2299 );
#708 = VERTEX_POINT ( 'NONE', #1425 ) ;
#709 = CARTESIAN_POINT ( 'NONE',  ( 0.1389999999999999847, 0.2910000000000000364, 0.06500000000000004385 ) ) ;
#710 =( NAMED_UNIT ( * ) PLANE_ANGLE_UNIT ( ) SI_UNIT ( $, .RADIAN. ) );
#711 = FACE_OUTER_BOUND ( 'NONE', #3361, .T. ) ;
#712 = EDGE_CURVE ( 'NONE', #1675, #1929, #2752, .T. ) ;
#713 = CARTESIAN_POINT ( 'NONE',  ( 0.03899999999999996525, 0.3366748151297073166, 2.134256245050205639E-18 ) ) ;
#714 = LINE ( 'NONE', #457, #2386 ) ;
#715 = PRESENTATION_STYLE_ASSIGNMENT (( #2548 ) ) ;
#716 = CARTESIAN_POINT ( 'NONE',  ( -0.008000000000000036596, 0.2853132368708144462, 1.740432328636319460E-19 ) ) ;
#717 = FILL_AREA_STYLE ('',( #1786 ) ) ;
#718 = MECHANICAL_DESIGN_GEOMETRIC_PRESENTATION_REPRESENTATION (  '', ( #893 ), #1611 ) ;
#719 = COLOUR_RGB ( '',0.7529411764705882248, 0.7529411764705882248, 0.7529411764705882248 ) ;
#720 = AXIS2_PLACEMENT_3D ( 'NONE', #2229, #950, #659 ) ;
#721 = ORIENTED_EDGE ( 'NONE', *, *, #1518, .T. ) ;
#722 = LINE ( 'NONE', #1502, #458 ) ;
#723 = AXIS2_PLACEMENT_3D ( 'NONE', #996, #1977, #3359 ) ;
#724 = VECTOR ( 'NONE', #3244, 39.37007874015748143 ) ;
#725 = EDGE_LOOP ( 'NONE', ( #2193, #2677, #2019, #3140 ) ) ;
#726 = FILL_AREA_STYLE_COLOUR ( '', #2422 ) ;
#727 = VECTOR ( 'NONE', #229, 39.37007874015748143 ) ;
#728 = VECTOR ( 'NONE', #855, 39.37007874015748143 ) ;
#729 = FILL_AREA_STYLE ('',( #2039 ) ) ;
#730 = PLANE ( 'NONE',  #90 ) ;
#731 = EDGE_CURVE ( 'NONE', #470, #2239, #1072, .T. ) ;
#732 = PRESENTATION_LAYER_ASSIGNMENT (  '', '', ( #298 ) ) ;
#733 = SURFACE_SIDE_STYLE ('',( #3092 ) ) ;
#734 =( CONVERSION_BASED_UNIT ( 'INCH', #1519 ) LENGTH_UNIT ( ) NAMED_UNIT ( #226 ) );
#735 = SURFACE_SIDE_STYLE ('',( #769 ) ) ;
#736 = AXIS2_PLACEMENT_3D ( 'NONE', #1930, #2135, #3203 ) ;
#737 = DIRECTION ( 'NONE',  ( -1.000000000000000000, -0.0000000000000000000, -0.0000000000000000000 ) ) ;
#738 = VECTOR ( 'NONE', #7, 39.37007874015748143 ) ;
#739 = AXIS2_PLACEMENT_3D ( 'NONE', #253, #2597, #2040 ) ;
#740 = EDGE_CURVE ( 'NONE', #3311, #1095, #1796, .T. ) ;
#741 = EDGE_CURVE ( 'NONE', #307, #2959, #599, .T. ) ;
#742 = ORIENTED_EDGE ( 'NONE', *, *, #97, .F. ) ;
#743 = SURFACE_STYLE_USAGE ( .BOTH. , #49 ) ;
#744 = CARTESIAN_POINT ( 'NONE',  ( 0.1389999999999999847, 0.03587488663525933291, 0.05500000000000004191 ) ) ;
#745 = FACE_OUTER_BOUND ( 'NONE', #1756, .T. ) ;
#746 = ORIENTED_EDGE ( 'NONE', *, *, #608, .T. ) ;
#747 =( LENGTH_UNIT ( ) NAMED_UNIT ( * ) SI_UNIT ( $, .METRE. ) );
#748 = ORIENTED_EDGE ( 'NONE', *, *, #1241, .F. ) ;
#749 = DIRECTION ( 'NONE',  ( -0.0000000000000000000, -0.0000000000000000000, 1.000000000000000000 ) ) ;
#750 = CARTESIAN_POINT ( 'NONE',  ( 0.09199999999999997069, 0.3629999999999999893, 0.0000000000000000000 ) ) ;
#751 = LINE ( 'NONE', #1256, #3034 ) ;
#752 = CARTESIAN_POINT ( 'NONE',  ( 0.09199999999999997069, 0.02567481512970726590, 0.06500000000000004385 ) ) ;
#753 = CARTESIAN_POINT ( 'NONE',  ( 0.09199999999999997069, 0.02074491070241680363, 0.05083429151846458743 ) ) ;
#754 = LINE ( 'NONE', #2856, #523 ) ;
#755 = CARTESIAN_POINT ( 'NONE',  ( 0.03899999999999996525, 0.01088510184783586000, 0.05250287455539367348 ) ) ;
#756 = VERTEX_POINT ( 'NONE', #1215 ) ;
#757 = EDGE_CURVE ( 'NONE', #140, #2168, #133, .T. ) ;
#758 = FILL_AREA_STYLE ('',( #538 ) ) ;
#759 = LENGTH_MEASURE_WITH_UNIT ( LENGTH_MEASURE( 0.02539999999999999897 ), #2634 );
#760 = FILL_AREA_STYLE ('',( #2066 ) ) ;
#761 = COLOUR_RGB ( '',0.7529411764705882248, 0.7529411764705882248, 0.7529411764705882248 ) ;
#762 = EDGE_LOOP ( 'NONE', ( #673, #2124, #2557, #1665, #1654, #157, #1877, #1953, #172, #866, #571, #2886 ) ) ;
#763 = FILL_AREA_STYLE_COLOUR ( '', #2479 ) ;
#764 = DIRECTION ( 'NONE',  ( -1.167171384011831108E-16, 1.000000000000000000, 0.0000000000000000000 ) ) ;
#765 = LENGTH_MEASURE_WITH_UNIT ( LENGTH_MEASURE( 0.02539999999999999897 ), #1564 );
#766 = FACE_OUTER_BOUND ( 'NONE', #2949, .T. ) ;
#767 = DIRECTION ( 'NONE',  ( 0.0000000000000000000, -0.1668583036929084384, -0.9859808854580930371 ) ) ;
#768 = ORIENTED_EDGE ( 'NONE', *, *, #2162, .F. ) ;
#769 = SURFACE_STYLE_FILL_AREA ( #2086 ) ;
#770 = CARTESIAN_POINT ( 'NONE',  ( 0.03899999999999996525, -0.01067481512970724737, 0.0000000000000000000 ) ) ;
#771 = DIRECTION ( 'NONE',  ( -0.08715574274766506313, 0.0000000000000000000, 0.9961946980917448791 ) ) ;
#772 = CARTESIAN_POINT ( 'NONE',  ( 0.1503132368708144651, 0.03500000000000002415, 0.0000000000000000000 ) ) ;
#773 =( LENGTH_UNIT ( ) NAMED_UNIT ( * ) SI_UNIT ( $, .METRE. ) );
#774 = EDGE_CURVE ( 'NONE', #2134, #1262, #2503, .T. ) ;
#775 = ORIENTED_EDGE ( 'NONE', *, *, #1667, .T. ) ;
#776 = PRESENTATION_STYLE_ASSIGNMENT (( #1618 ) ) ;
#777 = MECHANICAL_DESIGN_GEOMETRIC_PRESENTATION_REPRESENTATION (  '', ( #2259 ), #613 ) ;
#778 =( NAMED_UNIT ( * ) SI_UNIT ( $, .STERADIAN. ) SOLID_ANGLE_UNIT ( ) );
#779 = AXIS2_PLACEMENT_3D ( 'NONE', #3178, #1396, #105 ) ;
#780 = VECTOR ( 'NONE', #1871, 39.37007874015748143 ) ;
#781 = ADVANCED_FACE ( 'NONE', ( #2486 ), #1985, .T. ) ;
#782 = FILL_AREA_STYLE_COLOUR ( '', #1993 ) ;
#783 = DIRECTION ( 'NONE',  ( 0.0000000000000000000, 0.0000000000000000000, 1.000000000000000000 ) ) ;
#784 = SURFACE_STYLE_FILL_AREA ( #1535 ) ;
#785 = PRESENTATION_LAYER_ASSIGNMENT (  '', '', ( #1105 ) ) ;
#786 =( GEOMETRIC_REPRESENTATION_CONTEXT ( 3 ) GLOBAL_UNCERTAINTY_ASSIGNED_CONTEXT ( ( #127 ) ) GLOBAL_UNIT_ASSIGNED_CONTEXT ( ( #502, #526, #2110 ) ) REPRESENTATION_CONTEXT ( 'NONE', 'WORKASPACE' ) );
#787 =( CONVERSION_BASED_UNIT ( 'INCH', #3130 ) LENGTH_UNIT ( ) NAMED_UNIT ( #2391 ) );
#788 = VERTEX_POINT ( 'NONE', #2532 ) ;
#789 = DIRECTION ( 'NONE',  ( -0.0000000000000000000, 1.000000000000000000, -0.0000000000000000000 ) ) ;
#790 =( CONVERSION_BASED_UNIT ( 'INCH', #809 ) LENGTH_UNIT ( ) NAMED_UNIT ( #813 ) );
#791 =( GEOMETRIC_REPRESENTATION_CONTEXT ( 3 ) GLOBAL_UNCERTAINTY_ASSIGNED_CONTEXT ( ( #1142 ) ) GLOBAL_UNIT_ASSIGNED_CONTEXT ( ( #2708, #1051, #1296 ) ) REPRESENTATION_CONTEXT ( 'NONE', 'WORKASPACE' ) );
#792 = SURFACE_STYLE_USAGE ( .BOTH. , #810 ) ;
#793 = COLOUR_RGB ( '',0.7529411764705882248, 0.7529411764705882248, 0.7529411764705882248 ) ;
#794 = STYLED_ITEM ( 'NONE', ( #2219 ), #1565 ) ;
#795 = FILL_AREA_STYLE ('',( #2894 ) ) ;
#796 = AXIS2_PLACEMENT_3D ( 'NONE', #2230, #3323, #1731 ) ;
#797 =( CONVERSION_BASED_UNIT ( 'INCH', #759 ) LENGTH_UNIT ( ) NAMED_UNIT ( #3226 ) );
#798 = FILL_AREA_STYLE ('',( #898 ) ) ;
#799 = VECTOR ( 'NONE', #2819, 39.37007874015748143 ) ;
#800 = VERTEX_POINT ( 'NONE', #969 ) ;
#801 = FILL_AREA_STYLE ('',( #763 ) ) ;
#802 = EDGE_CURVE ( 'NONE', #2256, #913, #2518, .T. ) ;
#803 = CARTESIAN_POINT ( 'NONE',  ( 0.03899999999999996525, -0.01067481512970724390, -0.01000000000000000021 ) ) ;
#804 =( NAMED_UNIT ( * ) PLANE_ANGLE_UNIT ( ) SI_UNIT ( $, .RADIAN. ) );
#805 = EDGE_LOOP ( 'NONE', ( #3168, #3126, #1822, #2006, #2224, #974, #929, #1364 ) ) ;
#806 = CARTESIAN_POINT ( 'NONE',  ( -0.008000000000000036596, 0.3003251848702927496, 0.06500000000000004385 ) ) ;
#807 = ORIENTED_EDGE ( 'NONE', *, *, #1127, .F. ) ;
#808 = CARTESIAN_POINT ( 'NONE',  ( 0.09199999999999997069, 0.3218851018478358639, 0.01249712544460637904 ) ) ;
#809 = LENGTH_MEASURE_WITH_UNIT ( LENGTH_MEASURE( 0.02539999999999999897 ), #3133 );
#810 = SURFACE_SIDE_STYLE ('',( #1260 ) ) ;
#811 = CARTESIAN_POINT ( 'NONE',  ( 0.09199999999999997069, 0.01397470700674509347, 0.01082854240767729299 ) ) ;
#812 =( LENGTH_UNIT ( ) NAMED_UNIT ( * ) SI_UNIT ( $, .METRE. ) );
#813 = DIMENSIONAL_EXPONENTS ( 1.000000000000000000, 0.0000000000000000000, 0.0000000000000000000, 0.0000000000000000000, 0.0000000000000000000, 0.0000000000000000000, 0.0000000000000000000 ) ;
#814 = FILL_AREA_STYLE_COLOUR ( '', #1620 ) ;
#815 =( CONVERSION_BASED_UNIT ( 'INCH', #33 ) LENGTH_UNIT ( ) NAMED_UNIT ( #2703 ) );
#816 = CARTESIAN_POINT ( 'NONE',  ( 0.03899999999999996525, 0.3218851018478358639, 0.01249712544460637904 ) ) ;
#817 = LINE ( 'NONE', #3033, #1622 ) ;
#818 = VERTEX_POINT ( 'NONE', #1164 ) ;
#819 = FACE_BOUND ( 'NONE', #3230, .T. ) ;
#820 =( NAMED_UNIT ( * ) SI_UNIT ( $, .STERADIAN. ) SOLID_ANGLE_UNIT ( ) );
#821 = ADVANCED_FACE ( 'NONE', ( #2264 ), #413, .T. ) ;
#822 = DIMENSIONAL_EXPONENTS ( 1.000000000000000000, 0.0000000000000000000, 0.0000000000000000000, 0.0000000000000000000, 0.0000000000000000000, 0.0000000000000000000, 0.0000000000000000000 ) ;
#823 = ORIENTED_EDGE ( 'NONE', *, *, #1255, .T. ) ;
#824 = LINE ( 'NONE', #74, #1692 ) ;
#825 = DIRECTION ( 'NONE',  ( 0.0000000000000000000, 0.0000000000000000000, 1.000000000000000000 ) ) ;
#826 = FACE_OUTER_BOUND ( 'NONE', #2913, .T. ) ;
#827 = DIRECTION ( 'NONE',  ( -1.000000000000000000, -0.0000000000000000000, -0.0000000000000000000 ) ) ;
#828 = FILL_AREA_STYLE ('',( #3138 ) ) ;
#829 = CARTESIAN_POINT ( 'NONE',  ( -0.02500000000000000486, 0.2853132368708145017, 0.0000000000000000000 ) ) ;
#830 = ORIENTED_EDGE ( 'NONE', *, *, #2553, .T. ) ;
#831 = STYLED_ITEM ( 'NONE', ( #553 ), #2917 ) ;
#832 = LENGTH_MEASURE_WITH_UNIT ( LENGTH_MEASURE( 0.02539999999999999897 ), #3177 );
#833 = ORIENTED_EDGE ( 'NONE', *, *, #3135, .F. ) ;
#834 = VECTOR ( 'NONE', #3285, 39.37007874015748143 ) ;
#835 =( LENGTH_UNIT ( ) NAMED_UNIT ( * ) SI_UNIT ( $, .METRE. ) );
#836 = LENGTH_MEASURE_WITH_UNIT ( LENGTH_MEASURE( 0.02539999999999999897 ), #1653 );
#837 = AXIS2_PLACEMENT_3D ( 'NONE', #402, #1748, #1694 ) ;
#838 = ORIENTED_EDGE ( 'NONE', *, *, #2271, .T. ) ;
#839 = CARTESIAN_POINT ( 'NONE',  ( 0.03899999999999996525, 0.3003251848702927496, 0.05000000000000004441 ) ) ;
#840 = EDGE_CURVE ( 'NONE', #1024, #1180, #2312, .T. ) ;
#841 = AXIS2_PLACEMENT_3D ( 'NONE', #1880, #827, #61 ) ;
#842 = AXIS2_PLACEMENT_3D ( 'NONE', #1341, #2586, #2382 ) ;
#843 = COLOUR_RGB ( '',0.7529411764705882248, 0.7529411764705882248, 0.7529411764705882248 ) ;
#844 = FILL_AREA_STYLE ('',( #1383 ) ) ;
#845 = VERTEX_POINT ( 'NONE', #494 ) ;
#846 = CARTESIAN_POINT ( 'NONE',  ( 0.09199999999999997069, 0.02567481512970726590, 0.05000000000000004441 ) ) ;
#847 = LINE ( 'NONE', #1648, #957 ) ;
#848 = PLANE ( 'NONE',  #1006 ) ;
#849 = EDGE_CURVE ( 'NONE', #1829, #1444, #754, .T. ) ;
#850 = AXIS2_PLACEMENT_3D ( 'NONE', #2650, #2194, #1365 ) ;
#851 = VECTOR ( 'NONE', #905, 39.37007874015748143 ) ;
#852 = VECTOR ( 'NONE', #3200, 39.37007874015748143 ) ;
#853 = AXIS2_PLACEMENT_3D ( 'NONE', #3326, #928, #3017 ) ;
#854 = CIRCLE ( 'NONE', #1852, 0.004999999999999997502 ) ;
#855 = DIRECTION ( 'NONE',  ( 1.333910153156378409E-16, 1.000000000000000000, 0.0000000000000000000 ) ) ;
#856 = VECTOR ( 'NONE', #496, 39.37007874015748143 ) ;
#857 = PRESENTATION_LAYER_ASSIGNMENT (  '', '', ( #3053 ) ) ;
#858 = VECTOR ( 'NONE', #2481, 39.37007874015748143 ) ;
#859 =( NAMED_UNIT ( * ) SI_UNIT ( $, .STERADIAN. ) SOLID_ANGLE_UNIT ( ) );
#860 = FACE_OUTER_BOUND ( 'NONE', #2931, .T. ) ;
#861 = SURFACE_STYLE_FILL_AREA ( #91 ) ;
#862 = CARTESIAN_POINT ( 'NONE',  ( 0.03899999999999996525, 0.3366748151297073166, 0.01500000000000000465 ) ) ;
#863 = DIMENSIONAL_EXPONENTS ( 1.000000000000000000, 0.0000000000000000000, 0.0000000000000000000, 0.0000000000000000000, 0.0000000000000000000, 0.0000000000000000000, 0.0000000000000000000 ) ;
#864 = CARTESIAN_POINT ( 'NONE',  ( 0.1389999999999999847, 0.01397470700674509347, 0.01082854240767729299 ) ) ;
#865 =( CONVERSION_BASED_UNIT ( 'INCH', #1104 ) LENGTH_UNIT ( ) NAMED_UNIT ( #1438 ) );
#866 = ORIENTED_EDGE ( 'NONE', *, *, #1359, .F. ) ;
#867 = DIRECTION ( 'NONE',  ( 0.0000000000000000000, 0.0000000000000000000, -1.000000000000000000 ) ) ;
#868 = CARTESIAN_POINT ( 'NONE',  ( 0.09199999999999997069, -0.03699999999999996347, -0.01000000000000000021 ) ) ;
#869 = VECTOR ( 'NONE', #3145, 39.37007874015748143 ) ;
#870 = EDGE_CURVE ( 'NONE', #903, #1538, #3132, .T. ) ;
#871 = DIRECTION ( 'NONE',  ( -1.000000000000000000, 0.0000000000000000000, -0.0000000000000000000 ) ) ;
#872 =( NAMED_UNIT ( * ) SI_UNIT ( $, .STERADIAN. ) SOLID_ANGLE_UNIT ( ) );
#873 = DIMENSIONAL_EXPONENTS ( 1.000000000000000000, 0.0000000000000000000, 0.0000000000000000000, 0.0000000000000000000, 0.0000000000000000000, 0.0000000000000000000, 0.0000000000000000000 ) ;
#874 = ORIENTED_EDGE ( 'NONE', *, *, #2918, .F. ) ;
#875 = FACE_OUTER_BOUND ( 'NONE', #2172, .T. ) ;
#876 = PLANE ( 'NONE',  #3364 ) ;
#877 =( CONVERSION_BASED_UNIT ( 'INCH', #332 ) LENGTH_UNIT ( ) NAMED_UNIT ( #911 ) );
#878 = UNCERTAINTY_MEASURE_WITH_UNIT (LENGTH_MEASURE( 1.000000000000000082E-05 ), #787, 'distance_accuracy_value', 'NONE');
#879 = ORIENTED_EDGE ( 'NONE', *, *, #148, .F. ) ;
#880 = DIRECTION ( 'NONE',  ( 0.0000000000000000000, 0.0000000000000000000, -1.000000000000000000 ) ) ;
#881 = UNCERTAINTY_MEASURE_WITH_UNIT (LENGTH_MEASURE( 1.000000000000000082E-05 ), #564, 'distance_accuracy_value', 'NONE');
#882 = DIRECTION ( 'NONE',  ( 0.0000000000000000000, 0.0000000000000000000, 1.000000000000000000 ) ) ;
#883 = EDGE_LOOP ( 'NONE', ( #1271, #2433, #1719, #111 ) ) ;
#884 = PRESENTATION_STYLE_ASSIGNMENT (( #1386 ) ) ;
#885 = DIRECTION ( 'NONE',  ( 0.0000000000000000000, 1.000000000000000000, 0.0000000000000000000 ) ) ;
#886 = LINE ( 'NONE', #868, #3100 ) ;
#887 = DIRECTION ( 'NONE',  ( -1.000000000000000000, 0.0000000000000000000, -0.0000000000000000000 ) ) ;
#888 = FILL_AREA_STYLE_COLOUR ( '', #614 ) ;
#889 = ADVANCED_FACE ( 'NONE', ( #1311 ), #3392, .T. ) ;
#890 = VERTEX_POINT ( 'NONE', #2335 ) ;
#891 = DIRECTION ( 'NONE',  ( 0.0000000000000000000, 0.9961946980917448791, 0.08715574274766557661 ) ) ;
#892 = CARTESIAN_POINT ( 'NONE',  ( 0.1389999999999999847, 0.3151148981521642023, 0.05250287455539368042 ) ) ;
#893 = STYLED_ITEM ( 'NONE', ( #2880 ), #3072 ) ;
#894 = PRESENTATION_LAYER_ASSIGNMENT (  '', '', ( #2255 ) ) ;
#895 = AXIS2_PLACEMENT_3D ( 'NONE', #1925, #2961, #331 ) ;
#896 = ORIENTED_EDGE ( 'NONE', *, *, #2063, .T. ) ;
#897 =( NAMED_UNIT ( * ) SI_UNIT ( $, .STERADIAN. ) SOLID_ANGLE_UNIT ( ) );
#898 = FILL_AREA_STYLE_COLOUR ( '', #2360 ) ;
#899 = VECTOR ( 'NONE', #498, 39.37007874015748143 ) ;
#900 = AXIS2_PLACEMENT_3D ( 'NONE', #1743, #3313, #2762 ) ;
#901 = AXIS2_PLACEMENT_3D ( 'NONE', #1507, #2301, #2544 ) ;
#902 = DIRECTION ( 'NONE',  ( 0.0000000000000000000, -1.000000000000000000, 0.0000000000000000000 ) ) ;
#903 = VERTEX_POINT ( 'NONE', #2043 ) ;
#904 = CARTESIAN_POINT ( 'NONE',  ( -0.008000000000000036596, 0.004114898152164148983, 0.01249712544460637904 ) ) ;
#905 = DIRECTION ( 'NONE',  ( -1.000000000000000000, -0.0000000000000000000, -0.0000000000000000000 ) ) ;
#906 =( GEOMETRIC_REPRESENTATION_CONTEXT ( 3 ) GLOBAL_UNCERTAINTY_ASSIGNED_CONTEXT ( ( #531 ) ) GLOBAL_UNIT_ASSIGNED_CONTEXT ( ( #382, #2141, #2165 ) ) REPRESENTATION_CONTEXT ( 'NONE', 'WORKASPACE' ) );
#907 = VECTOR ( 'NONE', #885, 39.37007874015748143 ) ;
#908 = DIRECTION ( 'NONE',  ( 0.0000000000000000000, 0.0000000000000000000, 1.000000000000000000 ) ) ;
#909 = LINE ( 'NONE', #1957, #1368 ) ;
#910 = DIRECTION ( 'NONE',  ( -1.000000000000000000, -0.0000000000000000000, -0.0000000000000000000 ) ) ;
#911 = DIMENSIONAL_EXPONENTS ( 1.000000000000000000, 0.0000000000000000000, 0.0000000000000000000, 0.0000000000000000000, 0.0000000000000000000, 0.0000000000000000000, 0.0000000000000000000 ) ;
#912 = UNCERTAINTY_MEASURE_WITH_UNIT (LENGTH_MEASURE( 1.000000000000000082E-05 ), #180, 'distance_accuracy_value', 'NONE');
#913 = VERTEX_POINT ( 'NONE', #808 ) ;
#914 = ADVANCED_FACE ( 'NONE', ( #3150 ), #25, .F. ) ;
#915 = CARTESIAN_POINT ( 'NONE',  ( -0.005317490471427899559, 0.05562821319943792725, 0.1330000000000160776 ) ) ;
#916 = VECTOR ( 'NONE', #3193, 39.37007874015748143 ) ;
#917 = COLOUR_RGB ( '',0.7529411764705882248, 0.7529411764705882248, 0.7529411764705882248 ) ;
#918 = FACE_OUTER_BOUND ( 'NONE', #2439, .T. ) ;
#919 = DIRECTION ( 'NONE',  ( 0.0000000000000000000, 0.0000000000000000000, -1.000000000000000000 ) ) ;
#920 = EDGE_CURVE ( 'NONE', #580, #2805, #2627, .T. ) ;
#921 = ORIENTED_EDGE ( 'NONE', *, *, #1923, .F. ) ;
#922 = FILL_AREA_STYLE ('',( #1440 ) ) ;
#923 = EDGE_CURVE ( 'NONE', #1347, #525, #854, .T. ) ;
#924 = DIRECTION ( 'NONE',  ( 0.0000000000000000000, 1.000000000000000000, 0.0000000000000000000 ) ) ;
#925 = UNCERTAINTY_MEASURE_WITH_UNIT (LENGTH_MEASURE( 1.000000000000000082E-05 ), #734, 'distance_accuracy_value', 'NONE');
#926 = CARTESIAN_POINT ( 'NONE',  ( 0.03899999999999996525, -0.01067481512970724737, -0.01000000000000000021 ) ) ;
#927 = EDGE_LOOP ( 'NONE', ( #2764, #1448, #2216, #748, #2275, #1087, #1949, #2084, #1249, #1410, #931, #3304 ) ) ;
#928 = DIRECTION ( 'NONE',  ( -0.0000000000000000000, -0.0000000000000000000, 1.000000000000000000 ) ) ;
#929 = ORIENTED_EDGE ( 'NONE', *, *, #1428, .F. ) ;
#930 =( NAMED_UNIT ( * ) SI_UNIT ( $, .STERADIAN. ) SOLID_ANGLE_UNIT ( ) );
#931 = ORIENTED_EDGE ( 'NONE', *, *, #2227, .T. ) ;
#932 = DIRECTION ( 'NONE',  ( 0.0000000000000000000, 0.0000000000000000000, 1.000000000000000000 ) ) ;
#933 = SURFACE_STYLE_USAGE ( .BOTH. , #1963 ) ;
#934 = SURFACE_STYLE_FILL_AREA ( #2280 ) ;
#935 = EDGE_LOOP ( 'NONE', ( #1028, #1861, #414, #1856 ) ) ;
#936 = CYLINDRICAL_SURFACE ( 'NONE', #19, 0.01499999999999999944 ) ;
#937 =( GEOMETRIC_REPRESENTATION_CONTEXT ( 3 ) GLOBAL_UNCERTAINTY_ASSIGNED_CONTEXT ( ( #2238 ) ) GLOBAL_UNIT_ASSIGNED_CONTEXT ( ( #815, #2897, #1751 ) ) REPRESENTATION_CONTEXT ( 'NONE', 'WORKASPACE' ) );
#938 = EDGE_CURVE ( 'NONE', #3107, #58, #3219, .T. ) ;
#939 = CARTESIAN_POINT ( 'NONE',  ( -0.02307005250507054156, 0.03692994749492950479, 0.04294059919137483555 ) ) ;
#940 = ORIENTED_EDGE ( 'NONE', *, *, #1078, .F. ) ;
#941 = PRESENTATION_STYLE_ASSIGNMENT (( #2462 ) ) ;
#942 = LINE ( 'NONE', #666, #1679 ) ;
#943 =( LENGTH_UNIT ( ) NAMED_UNIT ( * ) SI_UNIT ( $, .METRE. ) );
#944 = VERTEX_POINT ( 'NONE', #2675 ) ;
#945 = FACE_OUTER_BOUND ( 'NONE', #3197, .T. ) ;
#946 = DIRECTION ( 'NONE',  ( -1.000000000000000000, -0.0000000000000000000, -0.0000000000000000000 ) ) ;
#947 = CARTESIAN_POINT ( 'NONE',  ( -0.005317490471427899559, 0.05562821319943792725, 0.1380000000000160820 ) ) ;
#948 = ORIENTED_EDGE ( 'NONE', *, *, #216, .T. ) ;
#949 = FACE_OUTER_BOUND ( 'NONE', #1139, .T. ) ;
#950 = DIRECTION ( 'NONE',  ( 0.0000000000000000000, 0.0000000000000000000, -1.000000000000000000 ) ) ;
#951 = PRESENTATION_LAYER_ASSIGNMENT (  '', '', ( #1938 ) ) ;
#952 = UNCERTAINTY_MEASURE_WITH_UNIT (LENGTH_MEASURE( 1.000000000000000082E-05 ), #865, 'distance_accuracy_value', 'NONE');
#953 = LINE ( 'NONE', #2714, #2202 ) ;
#954 = EDGE_CURVE ( 'NONE', #1310, #3382, #2755, .T. ) ;
#955 = ORIENTED_EDGE ( 'NONE', *, *, #2354, .F. ) ;
#956 = EDGE_CURVE ( 'NONE', #903, #2705, #610, .T. ) ;
#957 = VECTOR ( 'NONE', #1998, 39.37007874015748143 ) ;
#958 = MECHANICAL_DESIGN_GEOMETRIC_PRESENTATION_REPRESENTATION (  '', ( #455 ), #1221 ) ;
#959 = EDGE_LOOP ( 'NONE', ( #1960, #2786, #2145, #2251 ) ) ;
#960 = CARTESIAN_POINT ( 'NONE',  ( -0.008000000000000036596, 0.02567481512970725202, 0.05500000000000004191 ) ) ;
#961 = CARTESIAN_POINT ( 'NONE',  ( -0.02500000000000000486, 0.03500000000000000333, 0.1380000000000000115 ) ) ;
#962 = VECTOR ( 'NONE', #1935, 39.37007874015748143 ) ;
#963 = PRESENTATION_LAYER_ASSIGNMENT (  '', '', ( #1177 ) ) ;
#964 = LENGTH_MEASURE_WITH_UNIT ( LENGTH_MEASURE( 0.02539999999999999897 ), #425 );
#965 = FACE_OUTER_BOUND ( 'NONE', #2222, .T. ) ;
#966 =( GEOMETRIC_REPRESENTATION_CONTEXT ( 3 ) GLOBAL_UNCERTAINTY_ASSIGNED_CONTEXT ( ( #2471 ) ) GLOBAL_UNIT_ASSIGNED_CONTEXT ( ( #2751, #3048, #2504 ) ) REPRESENTATION_CONTEXT ( 'NONE', 'WORKASPACE' ) );
#967 = VECTOR ( 'NONE', #517, 39.37007874015748143 ) ;
#968 = AXIS2_PLACEMENT_3D ( 'NONE', #839, #2948, #1514 ) ;
#969 = CARTESIAN_POINT ( 'NONE',  ( 0.09199999999999997069, 0.3003251848702927496, 0.06500000000000004385 ) ) ;
#970 = DIRECTION ( 'NONE',  ( 0.0000000000000000000, 0.0000000000000000000, 1.000000000000000000 ) ) ;
#971 = ORIENTED_EDGE ( 'NONE', *, *, #2593, .T. ) ;
#972 = FILL_AREA_STYLE_COLOUR ( '', #1045 ) ;
#973 = EDGE_CURVE ( 'NONE', #375, #2543, #1676, .T. ) ;
#974 = ORIENTED_EDGE ( 'NONE', *, *, #3229, .T. ) ;
#975 = CARTESIAN_POINT ( 'NONE',  ( 0.1389999999999999847, 0.3629999999999999893, 0.0000000000000000000 ) ) ;
#976 = AXIS2_PLACEMENT_3D ( 'NONE', #2306, #1534, #2357 ) ;
#977 = SURFACE_STYLE_USAGE ( .BOTH. , #1228 ) ;
#978 = CARTESIAN_POINT ( 'NONE',  ( -0.02500000000000003608, 0.2910000000000000364, 0.06500000000000004385 ) ) ;
#979 = DIRECTION ( 'NONE',  ( -0.0000000000000000000, 0.08715574274766532681, 0.9961946980917448791 ) ) ;
#980 =( LENGTH_UNIT ( ) NAMED_UNIT ( * ) SI_UNIT ( $, .METRE. ) );
#981 = EDGE_LOOP ( 'NONE', ( #746, #3283, #621, #169 ) ) ;
#982 = DIRECTION ( 'NONE',  ( -0.08715574274766525742, 0.0000000000000000000, 0.9961946980917448791 ) ) ;
#983 = EDGE_LOOP ( 'NONE', ( #3357, #1800, #775, #532 ) ) ;
#984 =( NAMED_UNIT ( * ) SI_UNIT ( $, .STERADIAN. ) SOLID_ANGLE_UNIT ( ) );
#985 = EDGE_CURVE ( 'NONE', #2681, #579, #1574, .T. ) ;
#986 = FILL_AREA_STYLE_COLOUR ( '', #555 ) ;
#987 = PRESENTATION_STYLE_ASSIGNMENT (( #1278 ) ) ;
#988 = EDGE_CURVE ( 'NONE', #788, #1012, #1179, .T. ) ;
#989 = PRESENTATION_STYLE_ASSIGNMENT (( #1513 ) ) ;
#990 = FACE_OUTER_BOUND ( 'NONE', #3255, .T. ) ;
#991 = ADVANCED_FACE ( 'NONE', ( #2393 ), #308, .F. ) ;
#992 = CARTESIAN_POINT ( 'NONE',  ( -0.008000000000000036596, 0.02567481512970725202, 0.05000000000000004441 ) ) ;
#993 = MECHANICAL_DESIGN_GEOMETRIC_PRESENTATION_REPRESENTATION (  '', ( #831 ), #3254 ) ;
#994 = CARTESIAN_POINT ( 'NONE',  ( -0.008000000000000036596, -0.01067481512970724390, -0.01000000000000000021 ) ) ;
#995 = ORIENTED_EDGE ( 'NONE', *, *, #2840, .T. ) ;
#996 = CARTESIAN_POINT ( 'NONE',  ( 0.03899999999999996525, 0.3366748151297073166, 0.01500000000000000465 ) ) ;
#997 = CARTESIAN_POINT ( 'NONE',  ( -0.005317490471427899559, 0.05562821319943792725, 0.1330000000000160776 ) ) ;
#998 = COLOUR_RGB ( '',0.2549019607843137081, 0.2549019607843137081, 0.2549019607843137081 ) ;
#999 = AXIS2_PLACEMENT_3D ( 'NONE', #2276, #250, #36 ) ;
#1000 = ORIENTED_EDGE ( 'NONE', *, *, #2090, .F. ) ;
#1001 = CARTESIAN_POINT ( 'NONE',  ( 0.004682509528572100649, 0.05562821319943792725, 0.1330000000000160776 ) ) ;
#1002 = CARTESIAN_POINT ( 'NONE',  ( -0.008000000000000036596, -0.01067481512970724737, 0.01500000000000000465 ) ) ;
#1003 = VECTOR ( 'NONE', #2020, 39.37007874015748143 ) ;
#1004 = CARTESIAN_POINT ( 'NONE',  ( -0.01931323687081450829, 0.2853132368708145017, 0.0000000000000000000 ) ) ;
#1005 = DIRECTION ( 'NONE',  ( 0.0000000000000000000, 0.0000000000000000000, 1.000000000000000000 ) ) ;
#1006 = AXIS2_PLACEMENT_3D ( 'NONE', #1787, #2732, #3049 ) ;
#1007 = SURFACE_STYLE_USAGE ( .BOTH. , #2059 ) ;
#1008 =( GEOMETRIC_REPRESENTATION_CONTEXT ( 3 ) GLOBAL_UNCERTAINTY_ASSIGNED_CONTEXT ( ( #925 ) ) GLOBAL_UNIT_ASSIGNED_CONTEXT ( ( #734, #478, #3094 ) ) REPRESENTATION_CONTEXT ( 'NONE', 'WORKASPACE' ) );
#1009 = LINE ( 'NONE', #290, #799 ) ;
#1010 = VECTOR ( 'NONE', #27, 39.37007874015748854 ) ;
#1011 =( GEOMETRIC_REPRESENTATION_CONTEXT ( 3 ) GLOBAL_UNCERTAINTY_ASSIGNED_CONTEXT ( ( #881 ) ) GLOBAL_UNIT_ASSIGNED_CONTEXT ( ( #564, #2152, #1332 ) ) REPRESENTATION_CONTEXT ( 'NONE', 'WORKASPACE' ) );
#1012 = VERTEX_POINT ( 'NONE', #2666 ) ;
#1013 = CARTESIAN_POINT ( 'NONE',  ( 0.1389999999999999847, -0.03699999999999996347, 0.0000000000000000000 ) ) ;
#1014 = CARTESIAN_POINT ( 'NONE',  ( -0.008000000000000036596, 0.02074491070241678975, 0.05083429151846458743 ) ) ;
#1015 = CARTESIAN_POINT ( 'NONE',  ( -0.02500000000000003608, 0.2910000000000000364, 0.1380000000000000115 ) ) ;
#1016 = DIMENSIONAL_EXPONENTS ( 1.000000000000000000, 0.0000000000000000000, 0.0000000000000000000, 0.0000000000000000000, 0.0000000000000000000, 0.0000000000000000000, 0.0000000000000000000 ) ;
#1017 = ORIENTED_EDGE ( 'NONE', *, *, #1840, .T. ) ;
#1018 = FACE_OUTER_BOUND ( 'NONE', #284, .T. ) ;
#1019 =( CONVERSION_BASED_UNIT ( 'INCH', #2356 ) LENGTH_UNIT ( ) NAMED_UNIT ( #110 ) );
#1020 = PLANE ( 'NONE',  #1554 ) ;
#1021 =( NAMED_UNIT ( * ) PLANE_ANGLE_UNIT ( ) SI_UNIT ( $, .RADIAN. ) );
#1022 = PRESENTATION_STYLE_ASSIGNMENT (( #3386 ) ) ;
#1023 = AXIS2_PLACEMENT_3D ( 'NONE', #1566, #1808, #2560 ) ;
#1024 = VERTEX_POINT ( 'NONE', #1362 ) ;
#1025 = SURFACE_SIDE_STYLE ('',( #2835 ) ) ;
#1026 = FILL_AREA_STYLE ('',( #2087 ) ) ;
#1027 = EDGE_CURVE ( 'NONE', #2750, #576, #2406, .T. ) ;
#1028 = ORIENTED_EDGE ( 'NONE', *, *, #2366, .F. ) ;
#1029 = PLANE ( 'NONE',  #149 ) ;
#1030 = SURFACE_STYLE_USAGE ( .BOTH. , #3102 ) ;
#1031 = SURFACE_STYLE_FILL_AREA ( #539 ) ;
#1032 = EDGE_CURVE ( 'NONE', #2361, #3084, #2057, .T. ) ;
#1033 = ORIENTED_EDGE ( 'NONE', *, *, #1724, .F. ) ;
#1034 = LINE ( 'NONE', #1, #84 ) ;
#1035 = FACE_OUTER_BOUND ( 'NONE', #2653, .T. ) ;
#1036 = SURFACE_STYLE_FILL_AREA ( #2323 ) ;
#1037 = DIMENSIONAL_EXPONENTS ( 1.000000000000000000, 0.0000000000000000000, 0.0000000000000000000, 0.0000000000000000000, 0.0000000000000000000, 0.0000000000000000000, 0.0000000000000000000 ) ;
#1038 = SURFACE_STYLE_FILL_AREA ( #2831 ) ;
#1039 = DIRECTION ( 'NONE',  ( 1.000000000000000000, -1.179147096712820967E-16, 0.0000000000000000000 ) ) ;
#1040 =( NAMED_UNIT ( * ) SI_UNIT ( $, .STERADIAN. ) SOLID_ANGLE_UNIT ( ) );
#1041 = ORIENTED_EDGE ( 'NONE', *, *, #2366, .T. ) ;
#1042 = FILL_AREA_STYLE ('',( #2562 ) ) ;
#1043 = EDGE_CURVE ( 'NONE', #525, #186, #3338, .T. ) ;
#1044 = DIRECTION ( 'NONE',  ( 0.0000000000000000000, 1.000000000000000000, 0.0000000000000000000 ) ) ;
#1045 = COLOUR_RGB ( '',0.2549019607843137081, 0.2549019607843137081, 0.2549019607843137081 ) ;
#1046 = VECTOR ( 'NONE', #2813, 39.37007874015748143 ) ;
#1047 = PRESENTATION_LAYER_ASSIGNMENT (  '', '', ( #2259 ) ) ;
#1048 = EDGE_CURVE ( 'NONE', #2705, #72, #2163, .T. ) ;
#1049 = CARTESIAN_POINT ( 'NONE',  ( 0.1389999999999999847, 0.3629999999999999893, -0.01000000000000000021 ) ) ;
#1050 = DIRECTION ( 'NONE',  ( -0.0000000000000000000, 0.0000000000000000000, -1.000000000000000000 ) ) ;
#1051 =( NAMED_UNIT ( * ) PLANE_ANGLE_UNIT ( ) SI_UNIT ( $, .RADIAN. ) );
#1052 = VECTOR ( 'NONE', #2223, 39.37007874015748143 ) ;
#1053 = ORIENTED_EDGE ( 'NONE', *, *, #1526, .F. ) ;
#1054 = CARTESIAN_POINT ( 'NONE',  ( 0.03899999999999996525, 0.3366748151297073166, 0.01500000000000000465 ) ) ;
#1055 = FILL_AREA_STYLE_COLOUR ( '', #2644 ) ;
#1056 = MECHANICAL_DESIGN_GEOMETRIC_PRESENTATION_REPRESENTATION (  '', ( #2007 ), #672 ) ;
#1057 = ORIENTED_EDGE ( 'NONE', *, *, #2939, .F. ) ;
#1058 =( GEOMETRIC_REPRESENTATION_CONTEXT ( 3 ) GLOBAL_UNCERTAINTY_ASSIGNED_CONTEXT ( ( #634 ) ) GLOBAL_UNIT_ASSIGNED_CONTEXT ( ( #1019, #1274, #1531 ) ) REPRESENTATION_CONTEXT ( 'NONE', 'WORKASPACE' ) );
#1059 = CARTESIAN_POINT ( 'NONE',  ( 0.03899999999999996525, 0.02567481512970725202, 0.06500000000000004385 ) ) ;
#1060 = COLOUR_RGB ( '',0.2549019607843137081, 0.2549019607843137081, 0.2549019607843137081 ) ;
#1061 = EDGE_LOOP ( 'NONE', ( #1238, #2715, #335, #1083 ) ) ;
#1062 = LINE ( 'NONE', #2862, #916 ) ;
#1063 = VECTOR ( 'NONE', #2579, 39.37007874015748143 ) ;
#1064 = STYLED_ITEM ( 'NONE', ( #2442 ), #1823 ) ;
#1065 = DIRECTION ( 'NONE',  ( -1.000000000000000000, -0.0000000000000000000, -0.0000000000000000000 ) ) ;
#1066 = ADVANCED_FACE ( 'NONE', ( #1464 ), #1481, .T. ) ;
#1067 = FILL_AREA_STYLE ('',( #2435 ) ) ;
#1068 = LINE ( 'NONE', #1602, #3008 ) ;
#1069 = ORIENTED_EDGE ( 'NONE', *, *, #712, .F. ) ;
#1070 = DIRECTION ( 'NONE',  ( 0.0000000000000000000, 0.0000000000000000000, -1.000000000000000000 ) ) ;
#1071 = VERTEX_POINT ( 'NONE', #1210 ) ;
#1072 = LINE ( 'NONE', #3190, #1280 ) ;
#1073 = CARTESIAN_POINT ( 'NONE',  ( 0.09199999999999997069, 0.2853132368708144462, 1.740432328636319460E-19 ) ) ;
#1074 = DIRECTION ( 'NONE',  ( -0.0000000000000000000, 0.0000000000000000000, -1.000000000000000000 ) ) ;
#1075 = DIMENSIONAL_EXPONENTS ( 1.000000000000000000, 0.0000000000000000000, 0.0000000000000000000, 0.0000000000000000000, 0.0000000000000000000, 0.0000000000000000000, 0.0000000000000000000 ) ;
#1076 = CYLINDRICAL_SURFACE ( 'NONE', #2000, 0.01499999999999999424 ) ;
#1077 = EDGE_LOOP ( 'NONE', ( #3401, #536, #2457, #2891 ) ) ;
#1078 = EDGE_CURVE ( 'NONE', #1293, #913, #3061, .T. ) ;
#1079 = SURFACE_STYLE_USAGE ( .BOTH. , #1874 ) ;
#1080 =( LENGTH_UNIT ( ) NAMED_UNIT ( * ) SI_UNIT ( $, .METRE. ) );
#1081 = FACE_OUTER_BOUND ( 'NONE', #883, .T. ) ;
#1082 = DIMENSIONAL_EXPONENTS ( 1.000000000000000000, 0.0000000000000000000, 0.0000000000000000000, 0.0000000000000000000, 0.0000000000000000000, 0.0000000000000000000, 0.0000000000000000000 ) ;
#1083 = ORIENTED_EDGE ( 'NONE', *, *, #3142, .F. ) ;
#1084 =( NAMED_UNIT ( * ) SI_UNIT ( $, .STERADIAN. ) SOLID_ANGLE_UNIT ( ) );
#1085 = DIRECTION ( 'NONE',  ( -1.000000000000000000, -0.0000000000000000000, -0.0000000000000000000 ) ) ;
#1086 = SURFACE_SIDE_STYLE ('',( #47 ) ) ;
#1087 = ORIENTED_EDGE ( 'NONE', *, *, #1340, .F. ) ;
#1088 =( NAMED_UNIT ( * ) SI_UNIT ( $, .STERADIAN. ) SOLID_ANGLE_UNIT ( ) );
#1089 = DIRECTION ( 'NONE',  ( 0.0000000000000000000, 0.0000000000000000000, -1.000000000000000000 ) ) ;
#1090 = AXIS2_PLACEMENT_3D ( 'NONE', #541, #2955, #265 ) ;
#1091 = FILL_AREA_STYLE_COLOUR ( '', #1781 ) ;
#1092 = LENGTH_MEASURE_WITH_UNIT ( LENGTH_MEASURE( 0.02539999999999999897 ), #1322 );
#1093 = STYLED_ITEM ( 'NONE', ( #1773 ), #3013 ) ;
#1094 = UNCERTAINTY_MEASURE_WITH_UNIT (LENGTH_MEASURE( 1.000000000000000082E-05 ), #2303, 'distance_accuracy_value', 'NONE');
#1095 = VERTEX_POINT ( 'NONE', #1156 ) ;
#1096 = MECHANICAL_DESIGN_GEOMETRIC_PRESENTATION_REPRESENTATION (  '', ( #2575 ), #443 ) ;
#1097 = SURFACE_STYLE_FILL_AREA ( #141 ) ;
#1098 = SURFACE_STYLE_FILL_AREA ( #1067 ) ;
#1099 = CARTESIAN_POINT ( 'NONE',  ( 0.03899999999999996525, 0.01088510184783586000, 0.05250287455539367348 ) ) ;
#1100 = PRESENTATION_STYLE_ASSIGNMENT (( #2421 ) ) ;
#1101 = CIRCLE ( 'NONE', #21, 0.01499999999999999771 ) ;
#1102 = VECTOR ( 'NONE', #591, 39.37007874015748143 ) ;
#1103 = ORIENTED_EDGE ( 'NONE', *, *, #273, .T. ) ;
#1104 = LENGTH_MEASURE_WITH_UNIT ( LENGTH_MEASURE( 0.02539999999999999897 ), #596 );
#1105 = STYLED_ITEM ( 'NONE', ( #1903 ), #3206 ) ;
#1106 = ADVANCED_FACE ( 'NONE', ( #3009 ), #936, .F. ) ;
#1107 =( GEOMETRIC_REPRESENTATION_CONTEXT ( 3 ) GLOBAL_UNCERTAINTY_ASSIGNED_CONTEXT ( ( #22 ) ) GLOBAL_UNIT_ASSIGNED_CONTEXT ( ( #3227, #2940, #120 ) ) REPRESENTATION_CONTEXT ( 'NONE', 'WORKASPACE' ) );
#1108 = EDGE_CURVE ( 'NONE', #609, #1262, #2595, .T. ) ;
#1109 = AXIS2_PLACEMENT_3D ( 'NONE', #1002, #2845, #4 ) ;
#1110 = ORIENTED_EDGE ( 'NONE', *, *, #757, .T. ) ;
#1111 = SURFACE_STYLE_FILL_AREA ( #618 ) ;
#1112 = LINE ( 'NONE', #1128, #346 ) ;
#1113 = DIMENSIONAL_EXPONENTS ( 1.000000000000000000, 0.0000000000000000000, 0.0000000000000000000, 0.0000000000000000000, 0.0000000000000000000, 0.0000000000000000000, 0.0000000000000000000 ) ;
#1114 = LINE ( 'NONE', #2161, #851 ) ;
#1115 =( GEOMETRIC_REPRESENTATION_CONTEXT ( 3 ) GLOBAL_UNCERTAINTY_ASSIGNED_CONTEXT ( ( #2437 ) ) GLOBAL_UNIT_ASSIGNED_CONTEXT ( ( #2777, #1189, #1609 ) ) REPRESENTATION_CONTEXT ( 'NONE', 'WORKASPACE' ) );
#1116 = VECTOR ( 'NONE', #1955, 39.37007874015748143 ) ;
#1117 = CARTESIAN_POINT ( 'NONE',  ( 0.1389999999999999847, 0.3366748151297072056, 0.0000000000000000000 ) ) ;
#1118 = EDGE_LOOP ( 'NONE', ( #1889, #1219, #995, #1476 ) ) ;
#1119 = DIRECTION ( 'NONE',  ( -1.000000000000000000, 0.0000000000000000000, -0.0000000000000000000 ) ) ;
#1120 = CARTESIAN_POINT ( 'NONE',  ( 0.03899999999999996525, 0.04068676312918554500, 6.552215825454387752E-19 ) ) ;
#1121 = DIMENSIONAL_EXPONENTS ( 1.000000000000000000, 0.0000000000000000000, 0.0000000000000000000, 0.0000000000000000000, 0.0000000000000000000, 0.0000000000000000000, 0.0000000000000000000 ) ;
#1122 = ORIENTED_EDGE ( 'NONE', *, *, #3032, .F. ) ;
#1123 = CARTESIAN_POINT ( 'NONE',  ( 0.03899999999999996525, 0.02567481512970725202, 0.05000000000000004441 ) ) ;
#1124 = MECHANICAL_DESIGN_GEOMETRIC_PRESENTATION_REPRESENTATION (  '', ( #2773 ), #1297 ) ;
#1125 =( NAMED_UNIT ( * ) PLANE_ANGLE_UNIT ( ) SI_UNIT ( $, .RADIAN. ) );
#1126 = VERTEX_POINT ( 'NONE', #1512 ) ;
#1127 = EDGE_CURVE ( 'NONE', #1936, #2695, #473, .T. ) ;
#1128 = CARTESIAN_POINT ( 'NONE',  ( -0.02500000000000003608, 0.2910000000000000364, 0.06500000000000004385 ) ) ;
#1129 = VERTEX_POINT ( 'NONE', #1004 ) ;
#1130 = CARTESIAN_POINT ( 'NONE',  ( 0.1389999999999999847, 0.3003251848702927496, 0.06500000000000004385 ) ) ;
#1131 = FACE_OUTER_BOUND ( 'NONE', #95, .T. ) ;
#1132 = ADVANCED_FACE ( 'NONE', ( #2570 ), #1020, .T. ) ;
#1133 = UNCERTAINTY_MEASURE_WITH_UNIT (LENGTH_MEASURE( 1.000000000000000082E-05 ), #1595, 'distance_accuracy_value', 'NONE');
#1134 = ORIENTED_EDGE ( 'NONE', *, *, #1377, .T. ) ;
#1135 = CARTESIAN_POINT ( 'NONE',  ( 0.1503132368708144928, 0.2853132368708145017, 0.0000000000000000000 ) ) ;
#1136 = DIRECTION ( 'NONE',  ( 0.0000000000000000000, -1.000000000000000000, 0.0000000000000000000 ) ) ;
#1137 =( NAMED_UNIT ( * ) SI_UNIT ( $, .STERADIAN. ) SOLID_ANGLE_UNIT ( ) );
#1138 = CARTESIAN_POINT ( 'NONE',  ( 0.1559999999999999998, 0.03500000000000002415, 0.1380000000000000115 ) ) ;
#1139 = EDGE_LOOP ( 'NONE', ( #598, #516, #1702, #1472 ) ) ;
#1140 = FILL_AREA_STYLE_COLOUR ( '', #1288 ) ;
#1141 = FILL_AREA_STYLE ('',( #1380 ) ) ;
#1142 = UNCERTAINTY_MEASURE_WITH_UNIT (LENGTH_MEASURE( 1.000000000000000082E-05 ), #2708, 'distance_accuracy_value', 'NONE');
#1143 = DIRECTION ( 'NONE',  ( -1.000000000000000000, 0.0000000000000000000, 0.0000000000000000000 ) ) ;
#1144 = VERTEX_POINT ( 'NONE', #713 ) ;
#1145 = CYLINDRICAL_SURFACE ( 'NONE', #841, 0.01499999999999999944 ) ;
#1146 = LENGTH_MEASURE_WITH_UNIT ( LENGTH_MEASURE( 0.02539999999999999897 ), #2430 );
#1147 = EDGE_CURVE ( 'NONE', #3131, #3311, #751, .T. ) ;
#1148 = VERTEX_POINT ( 'NONE', #3128 ) ;
#1149 = FILL_AREA_STYLE ('',( #1355 ) ) ;
#1150 = DIRECTION ( 'NONE',  ( -1.000000000000000000, 0.0000000000000000000, 0.0000000000000000000 ) ) ;
#1151 = CARTESIAN_POINT ( 'NONE',  ( 0.03899999999999996525, 0.02567481512970725202, 0.05000000000000004441 ) ) ;
#1152 = ORIENTED_EDGE ( 'NONE', *, *, #3331, .F. ) ;
#1153 = CARTESIAN_POINT ( 'NONE',  ( 0.09199999999999997069, 0.3151148981521642023, 0.05250287455539368042 ) ) ;
#1154 = MECHANICAL_DESIGN_GEOMETRIC_PRESENTATION_REPRESENTATION (  '', ( #1904 ), #339 ) ;
#1155 = VERTEX_POINT ( 'NONE', #5 ) ;
#1156 = CARTESIAN_POINT ( 'NONE',  ( 0.09199999999999997069, 0.02074491070241680363, 0.05083429151846459437 ) ) ;
#1157 = VECTOR ( 'NONE', #393, 39.37007874015748143 ) ;
#1158 = FILL_AREA_STYLE ('',( #2028 ) ) ;
#1159 = SURFACE_STYLE_FILL_AREA ( #2192 ) ;
#1160 = AXIS2_PLACEMENT_3D ( 'NONE', #2956, #2683, #2372 ) ;
#1161 = VECTOR ( 'NONE', #3023, 39.37007874015748143 ) ;
#1162 =( NAMED_UNIT ( * ) PLANE_ANGLE_UNIT ( ) SI_UNIT ( $, .RADIAN. ) );
#1163 = ORIENTED_EDGE ( 'NONE', *, *, #1300, .T. ) ;
#1164 = CARTESIAN_POINT ( 'NONE',  ( 0.03899999999999996525, 0.01088510184783586174, 0.05250287455539368042 ) ) ;
#1165 = CYLINDRICAL_SURFACE ( 'NONE', #853, 0.01000000000000000021 ) ;
#1166 = DIRECTION ( 'NONE',  ( -0.0000000000000000000, -0.08715574274766532681, 0.9961946980917448791 ) ) ;
#1167 = STYLED_ITEM ( 'NONE', ( #3095 ), #1486 ) ;
#1168 = ORIENTED_EDGE ( 'NONE', *, *, #740, .T. ) ;
#1169 = FILL_AREA_STYLE_COLOUR ( '', #2919 ) ;
#1170 = CARTESIAN_POINT ( 'NONE',  ( 0.03899999999999996525, 0.3003251848702927496, 0.06500000000000004385 ) ) ;
#1171 =( CONVERSION_BASED_UNIT ( 'INCH', #1413 ) LENGTH_UNIT ( ) NAMED_UNIT ( #1589 ) );
#1172 = DIMENSIONAL_EXPONENTS ( 1.000000000000000000, 0.0000000000000000000, 0.0000000000000000000, 0.0000000000000000000, 0.0000000000000000000, 0.0000000000000000000, 0.0000000000000000000 ) ;
#1173 = ORIENTED_EDGE ( 'NONE', *, *, #2010, .F. ) ;
#1174 = LINE ( 'NONE', #2225, #1161 ) ;
#1175 = CYLINDRICAL_SURFACE ( 'NONE', #723, 0.02500000000000000486 ) ;
#1176 = ADVANCED_FACE ( 'NONE', ( #1807 ), #2814, .T. ) ;
#1177 = STYLED_ITEM ( 'NONE', ( #715 ), #1921 ) ;
#1178 = CARTESIAN_POINT ( 'NONE',  ( -0.01931323687081447707, 0.04068676312918553806, 0.0000000000000000000 ) ) ;
#1179 = CIRCLE ( 'NONE', #2761, 0.004999999999999997502 ) ;
#1180 = VERTEX_POINT ( 'NONE', #806 ) ;
#1181 = FACE_OUTER_BOUND ( 'NONE', #1850, .T. ) ;
#1182 = UNCERTAINTY_MEASURE_WITH_UNIT (LENGTH_MEASURE( 1.000000000000000082E-05 ), #2551, 'distance_accuracy_value', 'NONE');
#1183 = LINE ( 'NONE', #2730, #2629 ) ;
#1184 = ORIENTED_EDGE ( 'NONE', *, *, #2909, .T. ) ;
#1185 = DIRECTION ( 'NONE',  ( -1.000000000000000000, -1.179147096712820967E-16, 0.0000000000000000000 ) ) ;
#1186 =( LENGTH_UNIT ( ) NAMED_UNIT ( * ) SI_UNIT ( $, .METRE. ) );
#1187 = DIRECTION ( 'NONE',  ( 0.0000000000000000000, -0.08715574274766532681, 0.9961946980917448791 ) ) ;
#1188 = COLOUR_RGB ( '',0.7529411764705882248, 0.7529411764705882248, 0.7529411764705882248 ) ;
#1189 =( NAMED_UNIT ( * ) PLANE_ANGLE_UNIT ( ) SI_UNIT ( $, .RADIAN. ) );
#1190 = FILL_AREA_STYLE_COLOUR ( '', #719 ) ;
#1191 = DIRECTION ( 'NONE',  ( 0.0000000000000000000, 0.0000000000000000000, 1.000000000000000000 ) ) ;
#1192 = CARTESIAN_POINT ( 'NONE',  ( -0.02500000000000003608, 0.2910000000000000364, 0.07299999999999996769 ) ) ;
#1193 = LENGTH_MEASURE_WITH_UNIT ( LENGTH_MEASURE( 0.02539999999999999897 ), #2026 );
#1194 = EDGE_CURVE ( 'NONE', #397, #1283, #43, .T. ) ;
#1195 = LENGTH_MEASURE_WITH_UNIT ( LENGTH_MEASURE( 0.02539999999999999897 ), #1441 );
#1196 = DIRECTION ( 'NONE',  ( 0.0000000000000000000, 0.0000000000000000000, 1.000000000000000000 ) ) ;
#1197 = ADVANCED_FACE ( 'NONE', ( #1651 ), #2170, .T. ) ;
#1198 = DIRECTION ( 'NONE',  ( -0.0000000000000000000, -0.0000000000000000000, -1.000000000000000000 ) ) ;
#1199 = EDGE_CURVE ( 'NONE', #1467, #3299, #3166, .T. ) ;
#1200 = DIRECTION ( 'NONE',  ( 1.000000000000000000, 0.0000000000000000000, 0.0000000000000000000 ) ) ;
#1201 = DIRECTION ( 'NONE',  ( -1.000000000000000000, -0.0000000000000000000, -0.0000000000000000000 ) ) ;
#1202 = SURFACE_STYLE_USAGE ( .BOTH. , #2776 ) ;
#1203 = VERTEX_POINT ( 'NONE', #2418 ) ;
#1204 = PRESENTATION_STYLE_ASSIGNMENT (( #3297 ) ) ;
#1205 = DIRECTION ( 'NONE',  ( -1.000000000000000000, -0.0000000000000000000, -0.0000000000000000000 ) ) ;
#1206 = UNCERTAINTY_MEASURE_WITH_UNIT (LENGTH_MEASURE( 1.000000000000000082E-05 ), #2857, 'distance_accuracy_value', 'NONE');
#1207 = ORIENTED_EDGE ( 'NONE', *, *, #2981, .T. ) ;
#1208 =( NAMED_UNIT ( * ) PLANE_ANGLE_UNIT ( ) SI_UNIT ( $, .RADIAN. ) );
#1209 = DIRECTION ( 'NONE',  ( -1.000000000000000000, -0.0000000000000000000, -0.0000000000000000000 ) ) ;
#1210 = CARTESIAN_POINT ( 'NONE',  ( 0.03899999999999996525, 0.3629999999999999893, 0.0000000000000000000 ) ) ;
#1211 = FILL_AREA_STYLE ('',( #2527 ) ) ;
#1212 = AXIS2_PLACEMENT_3D ( 'NONE', #1001, #749, #3 ) ;
#1213 = CARTESIAN_POINT ( 'NONE',  ( 0.03899999999999996525, -0.01067481512970724737, 0.01500000000000000465 ) ) ;
#1214 = DIRECTION ( 'NONE',  ( 0.0000000000000000000, 1.000000000000000000, 0.0000000000000000000 ) ) ;
#1215 = CARTESIAN_POINT ( 'NONE',  ( 0.03899999999999996525, 0.3120252929932549324, 0.01082854240767729299 ) ) ;
#1216 =( NAMED_UNIT ( * ) SI_UNIT ( $, .STERADIAN. ) SOLID_ANGLE_UNIT ( ) );
#1217 = ADVANCED_FACE ( 'NONE', ( #860 ), #876, .T. ) ;
#1218 = AXIS2_PLACEMENT_3D ( 'NONE', #2468, #1940, #1451 ) ;
#1219 = ORIENTED_EDGE ( 'NONE', *, *, #2770, .F. ) ;
#1220 = AXIS2_PLACEMENT_3D ( 'NONE', #2434, #3269, #2726 ) ;
#1221 =( GEOMETRIC_REPRESENTATION_CONTEXT ( 3 ) GLOBAL_UNCERTAINTY_ASSIGNED_CONTEXT ( ( #286 ) ) GLOBAL_UNIT_ASSIGNED_CONTEXT ( ( #2355, #1857, #3242 ) ) REPRESENTATION_CONTEXT ( 'NONE', 'WORKASPACE' ) );
#1222 = ORIENTED_EDGE ( 'NONE', *, *, #299, .T. ) ;
#1223 = PRESENTATION_LAYER_ASSIGNMENT (  '', '', ( #565 ) ) ;
#1224 = SURFACE_STYLE_USAGE ( .BOTH. , #191 ) ;
#1225 = DIRECTION ( 'NONE',  ( 1.000000000000000000, 0.0000000000000000000, 0.0000000000000000000 ) ) ;
#1226 = MECHANICAL_DESIGN_GEOMETRIC_PRESENTATION_REPRESENTATION (  '', ( #794 ), #243 ) ;
#1227 = VECTOR ( 'NONE', #3250, 39.37007874015748143 ) ;
#1228 = SURFACE_SIDE_STYLE ('',( #2281 ) ) ;
#1229 =( NAMED_UNIT ( * ) PLANE_ANGLE_UNIT ( ) SI_UNIT ( $, .RADIAN. ) );
#1230 = MECHANICAL_DESIGN_GEOMETRIC_PRESENTATION_REPRESENTATION (  '', ( #2054 ), #2325 ) ;
#1231 =( GEOMETRIC_REPRESENTATION_CONTEXT ( 3 ) GLOBAL_UNCERTAINTY_ASSIGNED_CONTEXT ( ( #952 ) ) GLOBAL_UNIT_ASSIGNED_CONTEXT ( ( #865, #3253, #897 ) ) REPRESENTATION_CONTEXT ( 'NONE', 'WORKASPACE' ) );
#1232 =( LENGTH_UNIT ( ) NAMED_UNIT ( * ) SI_UNIT ( $, .METRE. ) );
#1233 = SURFACE_STYLE_FILL_AREA ( #439 ) ;
#1234 = EDGE_CURVE ( 'NONE', #2211, #1283, #421, .T. ) ;
#1235 =( NAMED_UNIT ( * ) PLANE_ANGLE_UNIT ( ) SI_UNIT ( $, .RADIAN. ) );
#1236 = SURFACE_STYLE_FILL_AREA ( #760 ) ;
#1237 = EDGE_CURVE ( 'NONE', #186, #1148, #395, .T. ) ;
#1238 = ORIENTED_EDGE ( 'NONE', *, *, #2652, .T. ) ;
#1239 = VECTOR ( 'NONE', #491, 39.37007874015748143 ) ;
#1240 = CARTESIAN_POINT ( 'NONE',  ( 0.09199999999999997069, -0.01067481512970723523, 0.01500000000000000465 ) ) ;
#1241 = EDGE_CURVE ( 'NONE', #467, #470, #3007, .T. ) ;
#1242 = SURFACE_SIDE_STYLE ('',( #2025 ) ) ;
#1243 = LINE ( 'NONE', #251, #1994 ) ;
#1244 = SURFACE_STYLE_FILL_AREA ( #3352 ) ;
#1245 = DIRECTION ( 'NONE',  ( -1.000000000000000000, 0.0000000000000000000, -0.0000000000000000000 ) ) ;
#1246 = DIRECTION ( 'NONE',  ( 0.0000000000000000000, -0.9859808854580930371, -0.1668583036929084107 ) ) ;
#1247 = UNCERTAINTY_MEASURE_WITH_UNIT (LENGTH_MEASURE( 1.000000000000000082E-05 ), #426, 'distance_accuracy_value', 'NONE');
#1248 = CARTESIAN_POINT ( 'NONE',  ( 0.1503132368708144651, 0.04068676312918555193, 0.0000000000000000000 ) ) ;
#1249 = ORIENTED_EDGE ( 'NONE', *, *, #8, .T. ) ;
#1250 =( CONVERSION_BASED_UNIT ( 'INCH', #2237 ) LENGTH_UNIT ( ) NAMED_UNIT ( #3201 ) );
#1251 = LINE ( 'NONE', #2206, #448 ) ;
#1252 = LENGTH_MEASURE_WITH_UNIT ( LENGTH_MEASURE( 0.02539999999999999897 ), #499 );
#1253 = VERTEX_POINT ( 'NONE', #744 ) ;
#1254 = DIRECTION ( 'NONE',  ( 1.000000000000000000, 0.0000000000000000000, 0.0000000000000000000 ) ) ;
#1255 = EDGE_CURVE ( 'NONE', #2239, #1675, #2474, .T. ) ;
#1256 = CARTESIAN_POINT ( 'NONE',  ( 0.09199999999999997069, 0.02567481512970726590, 0.05500000000000004191 ) ) ;
#1257 = MECHANICAL_DESIGN_GEOMETRIC_PRESENTATION_REPRESENTATION (  '', ( #2255 ), #1988 ) ;
#1258 = DIRECTION ( 'NONE',  ( 0.0000000000000000000, -0.0000000000000000000, -1.000000000000000000 ) ) ;
#1259 =( NAMED_UNIT ( * ) SI_UNIT ( $, .STERADIAN. ) SOLID_ANGLE_UNIT ( ) );
#1260 = SURFACE_STYLE_FILL_AREA ( #1026 ) ;
#1261 = VECTOR ( 'NONE', #1136, 39.37007874015748143 ) ;
#1262 = VERTEX_POINT ( 'NONE', #2298 ) ;
#1263 = LINE ( 'NONE', #9, #2925 ) ;
#1264 =( NAMED_UNIT ( * ) SI_UNIT ( $, .STERADIAN. ) SOLID_ANGLE_UNIT ( ) );
#1265 = DIRECTION ( 'NONE',  ( -0.9961946980917449901, -1.162729944516990400E-16, -0.08715574274766527130 ) ) ;
#1266 = VECTOR ( 'NONE', #1590, 39.37007874015748143 ) ;
#1267 = VECTOR ( 'NONE', #2109, 39.37007874015748143 ) ;
#1268 = VECTOR ( 'NONE', #387, 39.37007874015748143 ) ;
#1269 = ORIENTED_EDGE ( 'NONE', *, *, #1043, .T. ) ;
#1270 = SURFACE_STYLE_FILL_AREA ( #1598 ) ;
#1271 = ORIENTED_EDGE ( 'NONE', *, *, #13, .T. ) ;
#1272 = SURFACE_STYLE_USAGE ( .BOTH. , #1242 ) ;
#1273 = VECTOR ( 'NONE', #1540, 39.37007874015748143 ) ;
#1274 =( NAMED_UNIT ( * ) PLANE_ANGLE_UNIT ( ) SI_UNIT ( $, .RADIAN. ) );
#1275 = DIMENSIONAL_EXPONENTS ( 1.000000000000000000, 0.0000000000000000000, 0.0000000000000000000, 0.0000000000000000000, 0.0000000000000000000, 0.0000000000000000000, 0.0000000000000000000 ) ;
#1276 = PRESENTATION_LAYER_ASSIGNMENT (  '', '', ( #506 ) ) ;
#1277 = ADVANCED_FACE ( 'NONE', ( #949 ), #1175, .T. ) ;
#1278 = SURFACE_STYLE_USAGE ( .BOTH. , #1298 ) ;
#1279 = CARTESIAN_POINT ( 'NONE',  ( 0.03899999999999996525, 0.02567481512970725202, 0.06500000000000004385 ) ) ;
#1280 = VECTOR ( 'NONE', #312, 39.37007874015748143 ) ;
#1281 = STYLED_ITEM ( 'NONE', ( #1100 ), #2023 ) ;
#1282 = CARTESIAN_POINT ( 'NONE',  ( 0.03899999999999996525, 0.01397470700674508307, 0.01082854240767729299 ) ) ;
#1283 = VERTEX_POINT ( 'NONE', #3038 ) ;
#1284 =( GEOMETRIC_REPRESENTATION_CONTEXT ( 3 ) GLOBAL_UNCERTAINTY_ASSIGNED_CONTEXT ( ( #88 ) ) GLOBAL_UNIT_ASSIGNED_CONTEXT ( ( #2619, #2602, #1264 ) ) REPRESENTATION_CONTEXT ( 'NONE', 'WORKASPACE' ) );
#1285 = CARTESIAN_POINT ( 'NONE',  ( 0.1389999999999999847, 0.3052550892975832153, 0.05083429151846459437 ) ) ;
#1286 = DIRECTION ( 'NONE',  ( 1.000000000000000000, -0.0000000000000000000, -0.0000000000000000000 ) ) ;
#1287 = PRESENTATION_LAYER_ASSIGNMENT (  '', '', ( #2756 ) ) ;
#1288 = COLOUR_RGB ( '',0.7529411764705882248, 0.7529411764705882248, 0.7529411764705882248 ) ;
#1289 = ORIENTED_EDGE ( 'NONE', *, *, #1428, .T. ) ;
#1290 = DIRECTION ( 'NONE',  ( -1.000000000000000000, -0.0000000000000000000, -0.0000000000000000000 ) ) ;
#1291 = CARTESIAN_POINT ( 'NONE',  ( -0.01931323687081447707, 0.03500000000000000333, 0.1380000000000000115 ) ) ;
#1292 = PLANE ( 'NONE',  #201 ) ;
#1293 = VERTEX_POINT ( 'NONE', #1153 ) ;
#1294 = LINE ( 'NONE', #540, #669 ) ;
#1295 =( CONVERSION_BASED_UNIT ( 'INCH', #2559 ) LENGTH_UNIT ( ) NAMED_UNIT ( #2166 ) );
#1296 =( NAMED_UNIT ( * ) SI_UNIT ( $, .STERADIAN. ) SOLID_ANGLE_UNIT ( ) );
#1297 =( GEOMETRIC_REPRESENTATION_CONTEXT ( 3 ) GLOBAL_UNCERTAINTY_ASSIGNED_CONTEXT ( ( #1342 ) ) GLOBAL_UNIT_ASSIGNED_CONTEXT ( ( #1761, #422, #2727 ) ) REPRESENTATION_CONTEXT ( 'NONE', 'WORKASPACE' ) );
#1298 = SURFACE_SIDE_STYLE ('',( #1244 ) ) ;
#1299 = SURFACE_STYLE_USAGE ( .BOTH. , #2611 ) ;
#1300 = EDGE_CURVE ( 'NONE', #2449, #3299, #341, .T. ) ;
#1301 = PRESENTATION_STYLE_ASSIGNMENT (( #255 ) ) ;
#1302 = ORIENTED_EDGE ( 'NONE', *, *, #2696, .T. ) ;
#1303 = APPLICATION_PROTOCOL_DEFINITION ( 'draft international standard', 'automotive_design', 1998, #550 ) ;
#1304 = EDGE_CURVE ( 'NONE', #1203, #1347, #1251, .T. ) ;
#1305 = ORIENTED_EDGE ( 'NONE', *, *, #1862, .T. ) ;
#1306 = SURFACE_STYLE_FILL_AREA ( #2824 ) ;
#1307 = SURFACE_STYLE_FILL_AREA ( #828 ) ;
#1308 = LINE ( 'NONE', #1886, #500 ) ;
#1309 = LINE ( 'NONE', #1824, #1556 ) ;
#1310 = VERTEX_POINT ( 'NONE', #2825 ) ;
#1311 = FACE_OUTER_BOUND ( 'NONE', #1706, .T. ) ;
#1312 = CARTESIAN_POINT ( 'NONE',  ( 0.1389999999999999847, 0.02567481512970726590, 0.06500000000000004385 ) ) ;
#1313 = ORIENTED_EDGE ( 'NONE', *, *, #840, .T. ) ;
#1314 = DIRECTION ( 'NONE',  ( -1.000000000000000000, -0.0000000000000000000, -0.0000000000000000000 ) ) ;
#1315 = MECHANICAL_DESIGN_GEOMETRIC_PRESENTATION_REPRESENTATION (  '', ( #1779 ), #3083 ) ;
#1316 = DIRECTION ( 'NONE',  ( -1.333910153156378409E-16, -1.000000000000000000, 0.0000000000000000000 ) ) ;
#1317 = VECTOR ( 'NONE', #1908, 39.37007874015748143 ) ;
#1318 = ORIENTED_EDGE ( 'NONE', *, *, #2180, .F. ) ;
#1319 = SURFACE_SIDE_STYLE ('',( #1270 ) ) ;
#1320 = STYLED_ITEM ( 'NONE', ( #1301 ), #204 ) ;
#1321 = SURFACE_STYLE_FILL_AREA ( #2624 ) ;
#1322 =( LENGTH_UNIT ( ) NAMED_UNIT ( * ) SI_UNIT ( $, .METRE. ) );
#1323 = STYLED_ITEM ( 'NONE', ( #597 ), #2513 ) ;
#1324 = STYLED_ITEM ( 'NONE', ( #3108 ), #319 ) ;
#1325 = ORIENTED_EDGE ( 'NONE', *, *, #3180, .T. ) ;
#1326 = SURFACE_STYLE_USAGE ( .BOTH. , #2815 ) ;
#1327 = COLOUR_RGB ( '',0.7529411764705882248, 0.7529411764705882248, 0.7529411764705882248 ) ;
#1328 = DIRECTION ( 'NONE',  ( 0.0000000000000000000, 0.0000000000000000000, 1.000000000000000000 ) ) ;
#1329 = COLOUR_RGB ( '',0.2549019607843137081, 0.2549019607843137081, 0.2549019607843137081 ) ;
#1330 = PRODUCT_DEFINITION_FORMATION_WITH_SPECIFIED_SOURCE ( 'ANY', '', #3175, .NOT_KNOWN. ) ;
#1331 = ORIENTED_EDGE ( 'NONE', *, *, #1343, .T. ) ;
#1332 =( NAMED_UNIT ( * ) SI_UNIT ( $, .STERADIAN. ) SOLID_ANGLE_UNIT ( ) );
#1333 = STYLED_ITEM ( 'NONE', ( #2520 ), #1607 ) ;
#1334 =( GEOMETRIC_REPRESENTATION_CONTEXT ( 3 ) GLOBAL_UNCERTAINTY_ASSIGNED_CONTEXT ( ( #1419 ) ) GLOBAL_UNIT_ASSIGNED_CONTEXT ( ( #294, #1336, #1088 ) ) REPRESENTATION_CONTEXT ( 'NONE', 'WORKASPACE' ) );
#1335 = CARTESIAN_POINT ( 'NONE',  ( 0.1389999999999999847, 0.3629999999999999893, -0.01000000000000000021 ) ) ;
#1336 =( NAMED_UNIT ( * ) PLANE_ANGLE_UNIT ( ) SI_UNIT ( $, .RADIAN. ) );
#1337 = LINE ( 'NONE', #1014, #1273 ) ;
#1338 = CARTESIAN_POINT ( 'NONE',  ( 0.03899999999999996525, -0.01067481512970724737, -0.01000000000000000021 ) ) ;
#1339 = AXIS2_PLACEMENT_3D ( 'NONE', #1572, #2060, #1258 ) ;
#1340 = EDGE_CURVE ( 'NONE', #239, #1203, #3103, .T. ) ;
#1341 = CARTESIAN_POINT ( 'NONE',  ( 0.1389999999999999847, 0.02567481512970726590, 0.05000000000000004441 ) ) ;
#1342 = UNCERTAINTY_MEASURE_WITH_UNIT (LENGTH_MEASURE( 1.000000000000000082E-05 ), #1761, 'distance_accuracy_value', 'NONE');
#1343 = EDGE_CURVE ( 'NONE', #2256, #304, #2742, .T. ) ;
#1344 = ORIENTED_EDGE ( 'NONE', *, *, #2657, .T. ) ;
#1345 = LINE ( 'NONE', #1120, #355 ) ;
#1346 = UNCERTAINTY_MEASURE_WITH_UNIT (LENGTH_MEASURE( 1.000000000000000082E-05 ), #2176, 'distance_accuracy_value', 'NONE');
#1347 = VERTEX_POINT ( 'NONE', #3024 ) ;
#1348 =( GEOMETRIC_REPRESENTATION_CONTEXT ( 3 ) GLOBAL_UNCERTAINTY_ASSIGNED_CONTEXT ( ( #1369 ) ) GLOBAL_UNIT_ASSIGNED_CONTEXT ( ( #3199, #1875, #2436 ) ) REPRESENTATION_CONTEXT ( 'NONE', 'WORKASPACE' ) );
#1349 = SURFACE_STYLE_USAGE ( .BOTH. , #1950 ) ;
#1350 = CARTESIAN_POINT ( 'NONE',  ( 0.09199999999999997069, 0.3366748151297072056, -0.01000000000000000021 ) ) ;
#1351 = CARTESIAN_POINT ( 'NONE',  ( 0.09199999999999997069, -0.01067481512970723523, -0.01000000000000000021 ) ) ;
#1352 = LENGTH_MEASURE_WITH_UNIT ( LENGTH_MEASURE( 0.02539999999999999897 ), #2999 );
#1353 = CARTESIAN_POINT ( 'NONE',  ( 0.01468250952857210086, 0.05562821319943792725, 0.1380000000000160820 ) ) ;
#1354 = CARTESIAN_POINT ( 'NONE',  ( 0.03899999999999996525, 0.3366748151297073166, 0.01500000000000000465 ) ) ;
#1355 = FILL_AREA_STYLE_COLOUR ( '', #2148 ) ;
#1356 =( NAMED_UNIT ( * ) SI_UNIT ( $, .STERADIAN. ) SOLID_ANGLE_UNIT ( ) );
#1357 = LINE ( 'NONE', #2401, #728 ) ;
#1358 = ORIENTED_EDGE ( 'NONE', *, *, #1300, .F. ) ;
#1359 = EDGE_CURVE ( 'NONE', #1538, #1501, #1541, .T. ) ;
#1360 = FILL_AREA_STYLE ('',( #2902 ) ) ;
#1361 = ORIENTED_EDGE ( 'NONE', *, *, #1699, .F. ) ;
#1362 = CARTESIAN_POINT ( 'NONE',  ( -0.008000000000000036596, 0.2910000000000000364, 0.06500000000000004385 ) ) ;
#1363 =( CONVERSION_BASED_UNIT ( 'INCH', #2934 ) LENGTH_UNIT ( ) NAMED_UNIT ( #602 ) );
#1364 = ORIENTED_EDGE ( 'NONE', *, *, #635, .T. ) ;
#1365 = DIRECTION ( 'NONE',  ( -1.000000000000000000, 0.0000000000000000000, -0.0000000000000000000 ) ) ;
#1366 = LINE ( 'NONE', #3239, #1446 ) ;
#1367 = LINE ( 'NONE', #2195, #962 ) ;
#1368 = VECTOR ( 'NONE', #946, 39.37007874015748143 ) ;
#1369 = UNCERTAINTY_MEASURE_WITH_UNIT (LENGTH_MEASURE( 1.000000000000000082E-05 ), #3199, 'distance_accuracy_value', 'NONE');
#1370 = ORIENTED_EDGE ( 'NONE', *, *, #1237, .F. ) ;
#1371 = PRESENTATION_LAYER_ASSIGNMENT (  '', '', ( #1616 ) ) ;
#1372 = LINE ( 'NONE', #915, #82 ) ;
#1373 = COLOUR_RGB ( '',0.7529411764705882248, 0.7529411764705882248, 0.7529411764705882248 ) ;
#1374 = PRESENTATION_STYLE_ASSIGNMENT (( #1326 ) ) ;
#1375 = AXIS2_PLACEMENT_3D ( 'NONE', #1714, #1214, #1766 ) ;
#1376 = UNCERTAINTY_MEASURE_WITH_UNIT (LENGTH_MEASURE( 1.000000000000000082E-05 ), #168, 'distance_accuracy_value', 'NONE');
#1377 = EDGE_CURVE ( 'NONE', #2466, #1310, #1557, .T. ) ;
#1378 = ORIENTED_EDGE ( 'NONE', *, *, #870, .T. ) ;
#1379 = DIRECTION ( 'NONE',  ( -1.000000000000000000, -0.0000000000000000000, -0.0000000000000000000 ) ) ;
#1380 = FILL_AREA_STYLE_COLOUR ( '', #685 ) ;
#1381 = PRESENTATION_LAYER_ASSIGNMENT (  '', '', ( #3370 ) ) ;
#1382 =( GEOMETRIC_REPRESENTATION_CONTEXT ( 3 ) GLOBAL_UNCERTAINTY_ASSIGNED_CONTEXT ( ( #361 ) ) GLOBAL_UNIT_ASSIGNED_CONTEXT ( ( #146, #179, #126 ) ) REPRESENTATION_CONTEXT ( 'NONE', 'WORKASPACE' ) );
#1383 = FILL_AREA_STYLE_COLOUR ( '', #2021 ) ;
#1384 = VERTEX_POINT ( 'NONE', #2916 ) ;
#1385 = EDGE_CURVE ( 'NONE', #304, #1155, #2338, .T. ) ;
#1386 = SURFACE_STYLE_USAGE ( .BOTH. , #343 ) ;
#1387 = LENGTH_MEASURE_WITH_UNIT ( LENGTH_MEASURE( 0.02539999999999999897 ), #2679 );
#1388 = DIMENSIONAL_EXPONENTS ( 1.000000000000000000, 0.0000000000000000000, 0.0000000000000000000, 0.0000000000000000000, 0.0000000000000000000, 0.0000000000000000000, 0.0000000000000000000 ) ;
#1389 = STYLED_ITEM ( 'NONE', ( #884 ), #638 ) ;
#1390 = VECTOR ( 'NONE', #246, 39.37007874015748143 ) ;
#1391 =( GEOMETRIC_REPRESENTATION_CONTEXT ( 3 ) GLOBAL_UNCERTAINTY_ASSIGNED_CONTEXT ( ( #3046 ) ) GLOBAL_UNIT_ASSIGNED_CONTEXT ( ( #1644, #1670, #3183 ) ) REPRESENTATION_CONTEXT ( 'NONE', 'WORKASPACE' ) );
#1392 = ORIENTED_EDGE ( 'NONE', *, *, #277, .T. ) ;
#1393 = CARTESIAN_POINT ( 'NONE',  ( 0.1389999999999999847, 0.3366748151297072056, 0.01500000000000000465 ) ) ;
#1394 = PRESENTATION_STYLE_ASSIGNMENT (( #670 ) ) ;
#1395 = PRESENTATION_LAYER_ASSIGNMENT (  '', '', ( #203 ) ) ;
#1396 = DIRECTION ( 'NONE',  ( 0.0000000000000000000, 0.0000000000000000000, -1.000000000000000000 ) ) ;
#1397 = MECHANICAL_DESIGN_GEOMETRIC_PRESENTATION_REPRESENTATION (  '', ( #1064 ), #1231 ) ;
#1398 = ORIENTED_EDGE ( 'NONE', *, *, #802, .T. ) ;
#1399 = LINE ( 'NONE', #2642, #1848 ) ;
#1400 = EDGE_LOOP ( 'NONE', ( #651, #2510, #2137, #2841, #1634, #213, #1041, #1696, #1488, #386, #879, #2969 ) ) ;
#1401 = DIRECTION ( 'NONE',  ( 0.0000000000000000000, 0.0000000000000000000, -1.000000000000000000 ) ) ;
#1402 = SURFACE_SIDE_STYLE ('',( #1656 ) ) ;
#1403 = DIRECTION ( 'NONE',  ( 1.000000000000000000, 1.179147096712820967E-16, 0.0000000000000000000 ) ) ;
#1404 = EDGE_CURVE ( 'NONE', #228, #140, #3173, .T. ) ;
#1405 = ORIENTED_EDGE ( 'NONE', *, *, #1237, .T. ) ;
#1406 =( NAMED_UNIT ( * ) PLANE_ANGLE_UNIT ( ) SI_UNIT ( $, .RADIAN. ) );
#1407 = CARTESIAN_POINT ( 'NONE',  ( 0.1389999999999999847, 0.3003251848702927496, 0.05500000000000004191 ) ) ;
#1408 = ADVANCED_FACE ( 'NONE', ( #522 ), #1292, .T. ) ;
#1409 = PRESENTATION_LAYER_ASSIGNMENT (  '', '', ( #2882 ) ) ;
#1410 = ORIENTED_EDGE ( 'NONE', *, *, #757, .F. ) ;
#1411 = CYLINDRICAL_SURFACE ( 'NONE', #195, 0.02500000000000000486 ) ;
#1412 = FILL_AREA_STYLE_COLOUR ( '', #227 ) ;
#1413 = LENGTH_MEASURE_WITH_UNIT ( LENGTH_MEASURE( 0.02539999999999999897 ), #642 );
#1414 = UNCERTAINTY_MEASURE_WITH_UNIT (LENGTH_MEASURE( 1.000000000000000082E-05 ), #1295, 'distance_accuracy_value', 'NONE');
#1415 = ORIENTED_EDGE ( 'NONE', *, *, #2164, .T. ) ;
#1416 = LENGTH_MEASURE_WITH_UNIT ( LENGTH_MEASURE( 0.02539999999999999897 ), #477 );
#1417 = SURFACE_SIDE_STYLE ('',( #1944 ) ) ;
#1418 =( LENGTH_UNIT ( ) NAMED_UNIT ( * ) SI_UNIT ( $, .METRE. ) );
#1419 = UNCERTAINTY_MEASURE_WITH_UNIT (LENGTH_MEASURE( 1.000000000000000082E-05 ), #294, 'distance_accuracy_value', 'NONE');
#1420 = VERTEX_POINT ( 'NONE', #2126 ) ;
#1421 = SURFACE_STYLE_USAGE ( .BOTH. , #1402 ) ;
#1422 = FACE_OUTER_BOUND ( 'NONE', #2900, .T. ) ;
#1423 = CARTESIAN_POINT ( 'NONE',  ( 0.1389999999999999847, 0.3629999999999999893, 0.0000000000000000000 ) ) ;
#1424 = ORIENTED_EDGE ( 'NONE', *, *, #3032, .T. ) ;
#1425 = CARTESIAN_POINT ( 'NONE',  ( -0.01931323687081447707, 0.04068676312918553806, 0.1380000000000000115 ) ) ;
#1426 = DIRECTION ( 'NONE',  ( 0.0000000000000000000, 0.0000000000000000000, 1.000000000000000000 ) ) ;
#1427 = FILL_AREA_STYLE_COLOUR ( '', #2053 ) ;
#1428 = EDGE_CURVE ( 'NONE', #1283, #1916, #1596, .T. ) ;
#1429 = ORIENTED_EDGE ( 'NONE', *, *, #1234, .T. ) ;
#1430 = PLANE ( 'NONE',  #2537 ) ;
#1431 = CARTESIAN_POINT ( 'NONE',  ( -0.01931323687081447707, 0.03500000000000000333, 0.1380000000000000115 ) ) ;
#1432 = ORIENTED_EDGE ( 'NONE', *, *, #3184, .T. ) ;
#1433 = SURFACE_SIDE_STYLE ('',( #1097 ) ) ;
#1434 = CARTESIAN_POINT ( 'NONE',  ( -0.02500000000000000486, 0.03587488663525931210, 0.05500000000000004191 ) ) ;
#1435 = CARTESIAN_POINT ( 'NONE',  ( 0.03899999999999996525, 0.3366748151297073166, -0.01000000000000000021 ) ) ;
#1436 = DIRECTION ( 'NONE',  ( 0.0000000000000000000, 0.0000000000000000000, 1.000000000000000000 ) ) ;
#1437 = STYLED_ITEM ( 'NONE', ( #68 ), #1217 ) ;
#1438 = DIMENSIONAL_EXPONENTS ( 1.000000000000000000, 0.0000000000000000000, 0.0000000000000000000, 0.0000000000000000000, 0.0000000000000000000, 0.0000000000000000000, 0.0000000000000000000 ) ;
#1439 = ORIENTED_EDGE ( 'NONE', *, *, #920, .F. ) ;
#1440 = FILL_AREA_STYLE_COLOUR ( '', #1462 ) ;
#1441 =( LENGTH_UNIT ( ) NAMED_UNIT ( * ) SI_UNIT ( $, .METRE. ) );
#1442 = CIRCLE ( 'NONE', #1888, 0.02500000000000000139 ) ;
#1443 = SURFACE_STYLE_USAGE ( .BOTH. , #2015 ) ;
#1444 = VERTEX_POINT ( 'NONE', #32 ) ;
#1445 = LENGTH_MEASURE_WITH_UNIT ( LENGTH_MEASURE( 0.02539999999999999897 ), #3079 );
#1446 = VECTOR ( 'NONE', #1426, 39.37007874015748143 ) ;
#1447 = DIRECTION ( 'NONE',  ( 1.000000000000000000, -1.179147096712820720E-16, -0.0000000000000000000 ) ) ;
#1448 = ORIENTED_EDGE ( 'NONE', *, *, #2763, .F. ) ;
#1449 = CARTESIAN_POINT ( 'NONE',  ( 0.03899999999999996525, 0.02074491070241678975, 0.05083429151846459437 ) ) ;
#1450 = LINE ( 'NONE', #3243, #2847 ) ;
#1451 = DIRECTION ( 'NONE',  ( 0.0000000000000000000, 0.0000000000000000000, -1.000000000000000000 ) ) ;
#1452 = EDGE_CURVE ( 'NONE', #1155, #2204, #1062, .T. ) ;
#1453 = MECHANICAL_DESIGN_GEOMETRIC_PRESENTATION_REPRESENTATION (  '', ( #1389 ), #2376 ) ;
#1454 = MECHANICAL_DESIGN_GEOMETRIC_PRESENTATION_REPRESENTATION (  '', ( #1510 ), #2101 ) ;
#1455 = UNCERTAINTY_MEASURE_WITH_UNIT (LENGTH_MEASURE( 1.000000000000000082E-05 ), #175, 'distance_accuracy_value', 'NONE');
#1456 = VERTEX_POINT ( 'NONE', #1612 ) ;
#1457 =( NAMED_UNIT ( * ) SI_UNIT ( $, .STERADIAN. ) SOLID_ANGLE_UNIT ( ) );
#1458 = VECTOR ( 'NONE', #1379, 39.37007874015748143 ) ;
#1459 = COLOUR_RGB ( '',0.7529411764705882248, 0.7529411764705882248, 0.7529411764705882248 ) ;
#1460 = CARTESIAN_POINT ( 'NONE',  ( 0.1389999999999999847, 0.3366748151297072056, 0.01500000000000000465 ) ) ;
#1461 = CARTESIAN_POINT ( 'NONE',  ( 0.03899999999999996525, 0.3003251848702927496, 0.05500000000000004191 ) ) ;
#1462 = COLOUR_RGB ( '',0.7529411764705882248, 0.7529411764705882248, 0.7529411764705882248 ) ;
#1463 = ADVANCED_FACE ( 'NONE', ( #262 ), #1818, .F. ) ;
#1464 = FACE_OUTER_BOUND ( 'NONE', #3081, .T. ) ;
#1465 = SURFACE_STYLE_USAGE ( .BOTH. , #407 ) ;
#1466 = UNCERTAINTY_MEASURE_WITH_UNIT (LENGTH_MEASURE( 1.000000000000000082E-05 ), #3307, 'distance_accuracy_value', 'NONE');
#1467 = VERTEX_POINT ( 'NONE', #2972 ) ;
#1468 = ORIENTED_EDGE ( 'NONE', *, *, #1255, .F. ) ;
#1469 = CARTESIAN_POINT ( 'NONE',  ( -0.02500000000000000486, 0.04068676312918553806, 0.0000000000000000000 ) ) ;
#1470 = CYLINDRICAL_SURFACE ( 'NONE', #512, 0.02500000000000000486 ) ;
#1471 = COLOUR_RGB ( '',0.7529411764705882248, 0.7529411764705882248, 0.7529411764705882248 ) ;
#1472 = ORIENTED_EDGE ( 'NONE', *, *, #2713, .T. ) ;
#1473 = LINE ( 'NONE', #668, #2269 ) ;
#1474 = AXIS2_PLACEMENT_3D ( 'NONE', #2912, #1143, #882 ) ;
#1475 = DIRECTION ( 'NONE',  ( -0.0000000000000000000, -1.000000000000000000, -0.0000000000000000000 ) ) ;
#1476 = ORIENTED_EDGE ( 'NONE', *, *, #376, .T. ) ;
#1477 = DIRECTION ( 'NONE',  ( 0.0000000000000000000, 0.0000000000000000000, 1.000000000000000000 ) ) ;
#1478 = PRESENTATION_STYLE_ASSIGNMENT (( #1727 ) ) ;
#1479 = SURFACE_SIDE_STYLE ('',( #934 ) ) ;
#1480 = EDGE_CURVE ( 'NONE', #1253, #2239, #379, .T. ) ;
#1481 = PLANE ( 'NONE',  #720 ) ;
#1482 = DIRECTION ( 'NONE',  ( 0.0000000000000000000, 0.0000000000000000000, 1.000000000000000000 ) ) ;
#1483 = PRESENTATION_STYLE_ASSIGNMENT (( #652 ) ) ;
#1484 = CARTESIAN_POINT ( 'NONE',  ( 0.1389999999999999847, -0.01067481512970723523, 0.01500000000000000465 ) ) ;
#1485 = LENGTH_MEASURE_WITH_UNIT ( LENGTH_MEASURE( 0.02539999999999999897 ), #980 );
#1486 = ADVANCED_BREP_SHAPE_REPRESENTATION ( '4B0106E9-800C-4ACE-A178-1C20BDC59C8B', ( #2990, #2048 ), #3051 ) ;
#1487 = VERTEX_POINT ( 'NONE', #81 ) ;
#1488 = ORIENTED_EDGE ( 'NONE', *, *, #2556, .F. ) ;
#1489 = CARTESIAN_POINT ( 'NONE',  ( 0.03899999999999996525, 0.01397470700674508307, 0.01082854240767729299 ) ) ;
#1490 =( GEOMETRIC_REPRESENTATION_CONTEXT ( 3 ) GLOBAL_UNCERTAINTY_ASSIGNED_CONTEXT ( ( #2509 ) ) GLOBAL_UNIT_ASSIGNED_CONTEXT ( ( #446, #1558, #433 ) ) REPRESENTATION_CONTEXT ( 'NONE', 'WORKASPACE' ) );
#1491 = PLANE ( 'NONE',  #796 ) ;
#1492 = CIRCLE ( 'NONE', #1661, 0.01499999999999999771 ) ;
#1493 = UNCERTAINTY_MEASURE_WITH_UNIT (LENGTH_MEASURE( 1.000000000000000082E-05 ), #240, 'distance_accuracy_value', 'NONE');
#1494 = EDGE_CURVE ( 'NONE', #1420, #2361, #1114, .T. ) ;
#1495 = DIRECTION ( 'NONE',  ( -0.0000000000000000000, -1.000000000000000000, -0.0000000000000000000 ) ) ;
#1496 = SURFACE_SIDE_STYLE ('',( #461 ) ) ;
#1497 = FILL_AREA_STYLE ('',( #1520 ) ) ;
#1498 = SURFACE_SIDE_STYLE ('',( #2249 ) ) ;
#1499 = PRESENTATION_LAYER_ASSIGNMENT (  '', '', ( #1323 ) ) ;
#1500 = EDGE_CURVE ( 'NONE', #1024, #2480, #117, .T. ) ;
#1501 = VERTEX_POINT ( 'NONE', #2398 ) ;
#1502 = CARTESIAN_POINT ( 'NONE',  ( 0.1560000000000000275, 0.2910000000000000364, 0.06500000000000004385 ) ) ;
#1503 = VECTOR ( 'NONE', #2403, 39.37007874015748143 ) ;
#1504 = PRESENTATION_LAYER_ASSIGNMENT (  '', '', ( #247 ) ) ;
#1505 = STYLED_ITEM ( 'NONE', ( #776 ), #427 ) ;
#1506 = ORIENTED_EDGE ( 'NONE', *, *, #480, .T. ) ;
#1507 = CARTESIAN_POINT ( 'NONE',  ( -0.02500000000000003608, 0.2910000000000000364, 0.1380000000000000115 ) ) ;
#1508 = CARTESIAN_POINT ( 'NONE',  ( 0.09199999999999997069, -0.03699999999999996347, 0.0000000000000000000 ) ) ;
#1509 = FILL_AREA_STYLE ('',( #452 ) ) ;
#1510 = STYLED_ITEM ( 'NONE', ( #3399 ), #1463 ) ;
#1511 = AXIS2_PLACEMENT_3D ( 'NONE', #2500, #2244, #1482 ) ;
#1512 = CARTESIAN_POINT ( 'NONE',  ( 0.03899999999999996525, 0.3366748151297073166, -0.01000000000000000021 ) ) ;
#1513 = SURFACE_STYLE_USAGE ( .BOTH. , #2329 ) ;
#1514 = DIRECTION ( 'NONE',  ( 0.0000000000000000000, 0.0000000000000000000, -1.000000000000000000 ) ) ;
#1515 =( GEOMETRIC_REPRESENTATION_CONTEXT ( 3 ) GLOBAL_UNCERTAINTY_ASSIGNED_CONTEXT ( ( #1948 ) ) GLOBAL_UNIT_ASSIGNED_CONTEXT ( ( #665, #687, #170 ) ) REPRESENTATION_CONTEXT ( 'NONE', 'WORKASPACE' ) );
#1516 =( NAMED_UNIT ( * ) SI_UNIT ( $, .STERADIAN. ) SOLID_ANGLE_UNIT ( ) );
#1517 = ORIENTED_EDGE ( 'NONE', *, *, #693, .T. ) ;
#1518 = EDGE_CURVE ( 'NONE', #372, #1487, #3225, .T. ) ;
#1519 = LENGTH_MEASURE_WITH_UNIT ( LENGTH_MEASURE( 0.02539999999999999897 ), #258 );
#1520 = FILL_AREA_STYLE_COLOUR ( '', #620 ) ;
#1521 = LINE ( 'NONE', #1537, #738 ) ;
#1522 = ORIENTED_EDGE ( 'NONE', *, *, #3289, .F. ) ;
#1523 = EDGE_CURVE ( 'NONE', #2182, #2805, #886, .T. ) ;
#1524 = PRESENTATION_STYLE_ASSIGNMENT (( #2252 ) ) ;
#1525 = SURFACE_STYLE_USAGE ( .BOTH. , #469 ) ;
#1526 = EDGE_CURVE ( 'NONE', #123, #2466, #327, .T. ) ;
#1527 = EDGE_LOOP ( 'NONE', ( #380, #2946, #2688, #2002 ) ) ;
#1528 = COLOUR_RGB ( '',0.2549019607843137081, 0.2549019607843137081, 0.2549019607843137081 ) ;
#1529 = LENGTH_MEASURE_WITH_UNIT ( LENGTH_MEASURE( 0.02539999999999999897 ), #2290 );
#1530 = LINE ( 'NONE', #3086, #1046 ) ;
#1531 =( NAMED_UNIT ( * ) SI_UNIT ( $, .STERADIAN. ) SOLID_ANGLE_UNIT ( ) );
#1532 = VERTEX_POINT ( 'NONE', #1407 ) ;
#1533 = DIRECTION ( 'NONE',  ( -1.000000000000000000, -0.0000000000000000000, -0.0000000000000000000 ) ) ;
#1534 = DIRECTION ( 'NONE',  ( 0.9961946980917449901, -1.328834222305131357E-16, -0.08715574274766507701 ) ) ;
#1535 = FILL_AREA_STYLE ('',( #269 ) ) ;
#1536 = CARTESIAN_POINT ( 'NONE',  ( 0.03899999999999996525, 0.3052550892975832153, 0.05083429151846458743 ) ) ;
#1537 = CARTESIAN_POINT ( 'NONE',  ( 0.03899999999999996525, 0.3629999999999999893, -0.01000000000000000021 ) ) ;
#1538 = VERTEX_POINT ( 'NONE', #583 ) ;
#1539 = DIRECTION ( 'NONE',  ( 0.0000000000000000000, 0.1668583036929084107, -0.9859808854580930371 ) ) ;
#1540 = DIRECTION ( 'NONE',  ( 0.0000000000000000000, -0.1668583036929084384, -0.9859808854580930371 ) ) ;
#1541 = LINE ( 'NONE', #2584, #899 ) ;
#1542 = FILL_AREA_STYLE ('',( #972 ) ) ;
#1543 = EDGE_CURVE ( 'NONE', #1936, #58, #1367, .T. ) ;
#1544 = ORIENTED_EDGE ( 'NONE', *, *, #2797, .T. ) ;
#1545 =( NAMED_UNIT ( * ) SI_UNIT ( $, .STERADIAN. ) SOLID_ANGLE_UNIT ( ) );
#1546 = DIRECTION ( 'NONE',  ( 1.167171384011831108E-16, -1.000000000000000000, 0.0000000000000000000 ) ) ;
#1547 = FILL_AREA_STYLE_COLOUR ( '', #584 ) ;
#1548 = FILL_AREA_STYLE ('',( #320 ) ) ;
#1549 = DIMENSIONAL_EXPONENTS ( 1.000000000000000000, 0.0000000000000000000, 0.0000000000000000000, 0.0000000000000000000, 0.0000000000000000000, 0.0000000000000000000, 0.0000000000000000000 ) ;
#1550 = ORIENTED_EDGE ( 'NONE', *, *, #1480, .T. ) ;
#1551 = COLOUR_RGB ( '',0.7529411764705882248, 0.7529411764705882248, 0.7529411764705882248 ) ;
#1552 = CARTESIAN_POINT ( 'NONE',  ( 0.09199999999999997069, 0.3366748151297072056, 0.01500000000000000465 ) ) ;
#1553 = PRESENTATION_LAYER_ASSIGNMENT (  '', '', ( #1093 ) ) ;
#1554 = AXIS2_PLACEMENT_3D ( 'NONE', #234, #252, #1825 ) ;
#1555 = VERTEX_POINT ( 'NONE', #2680 ) ;
#1556 = VECTOR ( 'NONE', #1546, 39.37007874015748143 ) ;
#1557 = LINE ( 'NONE', #2621, #1267 ) ;
#1558 =( NAMED_UNIT ( * ) PLANE_ANGLE_UNIT ( ) SI_UNIT ( $, .RADIAN. ) );
#1559 =( GEOMETRIC_REPRESENTATION_CONTEXT ( 3 ) GLOBAL_UNCERTAINTY_ASSIGNED_CONTEXT ( ( #1376 ) ) GLOBAL_UNIT_ASSIGNED_CONTEXT ( ( #168, #1162, #703 ) ) REPRESENTATION_CONTEXT ( 'NONE', 'WORKASPACE' ) );
#1560 = ORIENTED_EDGE ( 'NONE', *, *, #1778, .F. ) ;
#1561 = EDGE_CURVE ( 'NONE', #1487, #2234, #3279, .T. ) ;
#1562 = AXIS2_PLACEMENT_3D ( 'NONE', #2698, #1954, #1089 ) ;
#1563 = LINE ( 'NONE', #2608, #2095 ) ;
#1564 =( LENGTH_UNIT ( ) NAMED_UNIT ( * ) SI_UNIT ( $, .METRE. ) );
#1565 = ADVANCED_FACE ( 'NONE', ( #101 ), #848, .F. ) ;
#1566 = CARTESIAN_POINT ( 'NONE',  ( -0.008000000000000036596, 0.3366748151297073166, 0.01500000000000000465 ) ) ;
#1567 = ADVANCED_FACE ( 'NONE', ( #2235 ), #1754, .F. ) ;
#1568 = PRESENTATION_LAYER_ASSIGNMENT (  '', '', ( #626 ) ) ;
#1569 = MECHANICAL_DESIGN_GEOMETRIC_PRESENTATION_REPRESENTATION (  '', ( #3377 ), #39 ) ;
#1570 = DIRECTION ( 'NONE',  ( -0.08682659386425457815, -0.08682659386425467529, -0.9924325091389657461 ) ) ;
#1571 = ORIENTED_EDGE ( 'NONE', *, *, #2453, .F. ) ;
#1572 = CARTESIAN_POINT ( 'NONE',  ( 0.1389999999999999847, -0.03699999999999996347, -0.01000000000000000021 ) ) ;
#1573 = FILL_AREA_STYLE_COLOUR ( '', #293 ) ;
#1574 = CIRCLE ( 'NONE', #2009, 0.01499999999999999771 ) ;
#1575 = CARTESIAN_POINT ( 'NONE',  ( 0.1559999999999999998, 0.03500000000000002415, 0.06500000000000004385 ) ) ;
#1576 = VECTOR ( 'NONE', #479, 39.37007874015748143 ) ;
#1577 = VERTEX_POINT ( 'NONE', #994 ) ;
#1578 = CARTESIAN_POINT ( 'NONE',  ( -0.008000000000000036596, 0.3003251848702927496, 0.05000000000000004441 ) ) ;
#1579 = CARTESIAN_POINT ( 'NONE',  ( 0.1389999999999999847, 0.02074491070241680363, 0.05083429151846458743 ) ) ;
#1580 =( NAMED_UNIT ( * ) PLANE_ANGLE_UNIT ( ) SI_UNIT ( $, .RADIAN. ) );
#1581 =( NAMED_UNIT ( * ) PLANE_ANGLE_UNIT ( ) SI_UNIT ( $, .RADIAN. ) );
#1582 = DIMENSIONAL_EXPONENTS ( 1.000000000000000000, 0.0000000000000000000, 0.0000000000000000000, 0.0000000000000000000, 0.0000000000000000000, 0.0000000000000000000, 0.0000000000000000000 ) ;
#1583 = SURFACE_STYLE_FILL_AREA ( #2867 ) ;
#1584 = STYLED_ITEM ( 'NONE', ( #2185 ), #2781 ) ;
#1585 = DIRECTION ( 'NONE',  ( 1.000000000000000000, 0.0000000000000000000, 0.0000000000000000000 ) ) ;
#1586 = SURFACE_SIDE_STYLE ('',( #2816 ) ) ;
#1587 = AXIS2_PLACEMENT_3D ( 'NONE', #1826, #3075, #783 ) ;
#1588 = EDGE_CURVE ( 'NONE', #609, #845, #667, .T. ) ;
#1589 = DIMENSIONAL_EXPONENTS ( 1.000000000000000000, 0.0000000000000000000, 0.0000000000000000000, 0.0000000000000000000, 0.0000000000000000000, 0.0000000000000000000, 0.0000000000000000000 ) ;
#1590 = DIRECTION ( 'NONE',  ( -0.0000000000000000000, 1.000000000000000000, -0.0000000000000000000 ) ) ;
#1591 = ORIENTED_EDGE ( 'NONE', *, *, #1615, .F. ) ;
#1592 = CARTESIAN_POINT ( 'NONE',  ( 0.03899999999999996525, 0.01088510184783586174, 0.05250287455539368042 ) ) ;
#1593 = ORIENTED_EDGE ( 'NONE', *, *, #1199, .F. ) ;
#1594 = LINE ( 'NONE', #2618, #2005 ) ;
#1595 =( CONVERSION_BASED_UNIT ( 'INCH', #245 ) LENGTH_UNIT ( ) NAMED_UNIT ( #31 ) );
#1596 = LINE ( 'NONE', #1015, #1390 ) ;
#1597 = ORIENTED_EDGE ( 'NONE', *, *, #3351, .F. ) ;
#1598 = FILL_AREA_STYLE ('',( #2865 ) ) ;
#1599 = FILL_AREA_STYLE_COLOUR ( '', #2362 ) ;
#1600 = SURFACE_STYLE_FILL_AREA ( #1621 ) ;
#1601 = ORIENTED_EDGE ( 'NONE', *, *, #384, .T. ) ;
#1602 = CARTESIAN_POINT ( 'NONE',  ( 0.07499999999999999722, 0.03587488663525932597, 0.05500000000000004191 ) ) ;
#1603 =( NAMED_UNIT ( * ) PLANE_ANGLE_UNIT ( ) SI_UNIT ( $, .RADIAN. ) );
#1604 = VERTEX_POINT ( 'NONE', #3030 ) ;
#1605 = CARTESIAN_POINT ( 'NONE',  ( -0.008000000000000036596, 0.02567481512970725202, 0.05000000000000004441 ) ) ;
#1606 =( NAMED_UNIT ( * ) PLANE_ANGLE_UNIT ( ) SI_UNIT ( $, .RADIAN. ) );
#1607 = ADVANCED_FACE ( 'NONE', ( #2505 ), #463, .T. ) ;
#1608 = SURFACE_STYLE_FILL_AREA ( #616 ) ;
#1609 =( NAMED_UNIT ( * ) SI_UNIT ( $, .STERADIAN. ) SOLID_ANGLE_UNIT ( ) );
#1610 = DIRECTION ( 'NONE',  ( 0.9961946980917449901, 1.162729944516990400E-16, -0.08715574274766527130 ) ) ;
#1611 =( GEOMETRIC_REPRESENTATION_CONTEXT ( 3 ) GLOBAL_UNCERTAINTY_ASSIGNED_CONTEXT ( ( #2203 ) ) GLOBAL_UNIT_ASSIGNED_CONTEXT ( ( #633, #278, #612 ) ) REPRESENTATION_CONTEXT ( 'NONE', 'WORKASPACE' ) );
#1612 = CARTESIAN_POINT ( 'NONE',  ( 0.1503132368708144928, 0.2853132368708145017, 0.1380000000000000115 ) ) ;
#1613 = LINE ( 'NONE', #2443, #130 ) ;
#1614 = VECTOR ( 'NONE', #2253, 39.37007874015748143 ) ;
#1615 = EDGE_CURVE ( 'NONE', #45, #1384, #1521, .T. ) ;
#1616 = STYLED_ITEM ( 'NONE', ( #592 ), #1197 ) ;
#1617 = VERTEX_POINT ( 'NONE', #1059 ) ;
#1618 = SURFACE_STYLE_USAGE ( .BOTH. , #1319 ) ;
#1619 = STYLED_ITEM ( 'NONE', ( #2798 ), #147 ) ;
#1620 = COLOUR_RGB ( '',0.7529411764705882248, 0.7529411764705882248, 0.7529411764705882248 ) ;
#1621 = FILL_AREA_STYLE ('',( #2144 ) ) ;
#1622 = VECTOR ( 'NONE', #3298, 39.37007874015748143 ) ;
#1623 = PRESENTATION_LAYER_ASSIGNMENT (  '', '', ( #1324 ) ) ;
#1624 = ORIENTED_EDGE ( 'NONE', *, *, #973, .T. ) ;
#1625 = LENGTH_MEASURE_WITH_UNIT ( LENGTH_MEASURE( 0.02539999999999999897 ), #69 );
#1626 =( NAMED_UNIT ( * ) PLANE_ANGLE_UNIT ( ) SI_UNIT ( $, .RADIAN. ) );
#1627 = AXIS2_PLACEMENT_3D ( 'NONE', #2525, #404, #2456 ) ;
#1628 =( GEOMETRIC_REPRESENTATION_CONTEXT ( 3 ) GLOBAL_UNCERTAINTY_ASSIGNED_CONTEXT ( ( #53 ) ) GLOBAL_UNIT_ASSIGNED_CONTEXT ( ( #790, #26, #533 ) ) REPRESENTATION_CONTEXT ( 'NONE', 'WORKASPACE' ) );
#1629 = DIMENSIONAL_EXPONENTS ( 1.000000000000000000, 0.0000000000000000000, 0.0000000000000000000, 0.0000000000000000000, 0.0000000000000000000, 0.0000000000000000000, 0.0000000000000000000 ) ;
#1630 = ORIENTED_EDGE ( 'NONE', *, *, #2536, .F. ) ;
#1631 =( GEOMETRIC_REPRESENTATION_CONTEXT ( 3 ) GLOBAL_UNCERTAINTY_ASSIGNED_CONTEXT ( ( #2574 ) ) GLOBAL_UNIT_ASSIGNED_CONTEXT ( ( #441, #2296, #1770 ) ) REPRESENTATION_CONTEXT ( 'NONE', 'WORKASPACE' ) );
#1632 = AXIS2_PLACEMENT_3D ( 'NONE', #2775, #1200, #429 ) ;
#1633 = LINE ( 'NONE', #1351, #261 ) ;
#1634 = ORIENTED_EDGE ( 'NONE', *, *, #338, .T. ) ;
#1635 =( GEOMETRIC_REPRESENTATION_CONTEXT ( 3 ) GLOBAL_UNCERTAINTY_ASSIGNED_CONTEXT ( ( #1466 ) ) GLOBAL_UNIT_ASSIGNED_CONTEXT ( ( #3307, #3080, #1216 ) ) REPRESENTATION_CONTEXT ( 'NONE', 'WORKASPACE' ) );
#1636 = MECHANICAL_DESIGN_GEOMETRIC_PRESENTATION_REPRESENTATION (  '', ( #3106 ), #1902 ) ;
#1637 = LINE ( 'NONE', #2717, #1999 ) ;
#1638 = EDGE_CURVE ( 'NONE', #1262, #2466, #2643, .T. ) ;
#1639 = DIMENSIONAL_EXPONENTS ( 1.000000000000000000, 0.0000000000000000000, 0.0000000000000000000, 0.0000000000000000000, 0.0000000000000000000, 0.0000000000000000000, 0.0000000000000000000 ) ;
#1640 = PRODUCT_DEFINITION_CONTEXT ( 'detailed design', #550, 'design' ) ;
#1641 = ORIENTED_EDGE ( 'NONE', *, *, #1304, .F. ) ;
#1642 =( NAMED_UNIT ( * ) SI_UNIT ( $, .STERADIAN. ) SOLID_ANGLE_UNIT ( ) );
#1643 = PRESENTATION_STYLE_ASSIGNMENT (( #577 ) ) ;
#1644 =( CONVERSION_BASED_UNIT ( 'INCH', #2663 ) LENGTH_UNIT ( ) NAMED_UNIT ( #1388 ) );
#1645 = EDGE_LOOP ( 'NONE', ( #2566, #807, #2665, #2315 ) ) ;
#1646 = CARTESIAN_POINT ( 'NONE',  ( 0.1389999999999999847, 0.02567481512970726590, 0.06500000000000004385 ) ) ;
#1647 = FILL_AREA_STYLE ('',( #359 ) ) ;
#1648 = CARTESIAN_POINT ( 'NONE',  ( 0.07499999999999999722, 0.2901251133647407277, 0.05500000000000004191 ) ) ;
#1649 = CARTESIAN_POINT ( 'NONE',  ( 0.03899999999999996525, 0.03500000000000001027, 0.06500000000000004385 ) ) ;
#1650 =( CONVERSION_BASED_UNIT ( 'INCH', #86 ) LENGTH_UNIT ( ) NAMED_UNIT ( #100 ) );
#1651 = FACE_OUTER_BOUND ( 'NONE', #1836, .T. ) ;
#1652 = DIRECTION ( 'NONE',  ( 0.0000000000000000000, 0.1668583036929084107, 0.9859808854580930371 ) ) ;
#1653 =( LENGTH_UNIT ( ) NAMED_UNIT ( * ) SI_UNIT ( $, .METRE. ) );
#1654 = ORIENTED_EDGE ( 'NONE', *, *, #1699, .T. ) ;
#1655 = DIRECTION ( 'NONE',  ( 0.0000000000000000000, 0.0000000000000000000, -1.000000000000000000 ) ) ;
#1656 = SURFACE_STYLE_FILL_AREA ( #1647 ) ;
#1657 = LENGTH_MEASURE_WITH_UNIT ( LENGTH_MEASURE( 0.02539999999999999897 ), #2395 );
#1658 = ORIENTED_EDGE ( 'NONE', *, *, #3367, .T. ) ;
#1659 = DIRECTION ( 'NONE',  ( 0.0000000000000000000, 0.1668583036929084384, 0.9859808854580930371 ) ) ;
#1660 = SURFACE_SIDE_STYLE ('',( #1937 ) ) ;
#1661 = AXIS2_PLACEMENT_3D ( 'NONE', #2844, #3109, #232 ) ;
#1662 = SURFACE_STYLE_FILL_AREA ( #2723 ) ;
#1663 = DIMENSIONAL_EXPONENTS ( 1.000000000000000000, 0.0000000000000000000, 0.0000000000000000000, 0.0000000000000000000, 0.0000000000000000000, 0.0000000000000000000, 0.0000000000000000000 ) ;
#1664 = UNCERTAINTY_MEASURE_WITH_UNIT (LENGTH_MEASURE( 1.000000000000000082E-05 ), #2476, 'distance_accuracy_value', 'NONE');
#1665 = ORIENTED_EDGE ( 'NONE', *, *, #1078, .T. ) ;
#1666 = MECHANICAL_DESIGN_GEOMETRIC_PRESENTATION_REPRESENTATION (  '', ( #1616 ), #2200 ) ;
#1667 = EDGE_CURVE ( 'NONE', #1555, #2340, #2489, .T. ) ;
#1668 = DIRECTION ( 'NONE',  ( -0.0000000000000000000, -1.000000000000000000, -0.0000000000000000000 ) ) ;
#1669 = COLOUR_RGB ( '',0.7529411764705882248, 0.7529411764705882248, 0.7529411764705882248 ) ;
#1670 =( NAMED_UNIT ( * ) PLANE_ANGLE_UNIT ( ) SI_UNIT ( $, .RADIAN. ) );
#1671 = VECTOR ( 'NONE', #1495, 39.37007874015748143 ) ;
#1672 = UNCERTAINTY_MEASURE_WITH_UNIT (LENGTH_MEASURE( 1.000000000000000082E-05 ), #2982, 'distance_accuracy_value', 'NONE');
#1673 = EDGE_CURVE ( 'NONE', #1129, #228, #2106, .T. ) ;
#1674 = VECTOR ( 'NONE', #1668, 39.37007874015748143 ) ;
#1675 = VERTEX_POINT ( 'NONE', #1312 ) ;
#1676 = LINE ( 'NONE', #1895, #3052 ) ;
#1677 = DIRECTION ( 'NONE',  ( 0.0000000000000000000, 2.731847993664263218E-15, -1.000000000000000000 ) ) ;
#1678 = CARTESIAN_POINT ( 'NONE',  ( 0.1559999999999999998, 0.03500000000000002415, 0.06500000000000004385 ) ) ;
#1679 = VECTOR ( 'NONE', #1201, 39.37007874015748143 ) ;
#1680 = COLOUR_RGB ( '',0.7529411764705882248, 0.7529411764705882248, 0.7529411764705882248 ) ;
#1681 = VECTOR ( 'NONE', #2242, 39.37007874015748143 ) ;
#1682 = LINE ( 'NONE', #2630, #424 ) ;
#1683 = ORIENTED_EDGE ( 'NONE', *, *, #653, .T. ) ;
#1684 = LINE ( 'NONE', #2158, #3327 ) ;
#1685 = SURFACE_SIDE_STYLE ('',( #1704 ) ) ;
#1686 = DIMENSIONAL_EXPONENTS ( 1.000000000000000000, 0.0000000000000000000, 0.0000000000000000000, 0.0000000000000000000, 0.0000000000000000000, 0.0000000000000000000, 0.0000000000000000000 ) ;
#1687 = AXIS2_PLACEMENT_3D ( 'NONE', #1578, #1290, #2108 ) ;
#1688 = AXIS2_PLACEMENT_3D ( 'NONE', #862, #2945, #1328 ) ;
#1689 = ORIENTED_EDGE ( 'NONE', *, *, #3180, .F. ) ;
#1690 = DIRECTION ( 'NONE',  ( 0.0000000000000000000, 0.0000000000000000000, 1.000000000000000000 ) ) ;
#1691 = CARTESIAN_POINT ( 'NONE',  ( 0.1389999999999999847, -0.01067481512970723523, -0.01000000000000000021 ) ) ;
#1692 = VECTOR ( 'NONE', #2394, 39.37007874015748143 ) ;
#1693 = EDGE_LOOP ( 'NONE', ( #1392, #1715, #3120, #656, #289, #830, #2834, #2410, #742, #2115, #2550, #3218 ) ) ;
#1694 = DIRECTION ( 'NONE',  ( 1.000000000000000000, 0.0000000000000000000, 0.0000000000000000000 ) ) ;
#1695 = DIMENSIONAL_EXPONENTS ( 1.000000000000000000, 0.0000000000000000000, 0.0000000000000000000, 0.0000000000000000000, 0.0000000000000000000, 0.0000000000000000000, 0.0000000000000000000 ) ;
#1696 = ORIENTED_EDGE ( 'NONE', *, *, #71, .F. ) ;
#1697 = SURFACE_STYLE_FILL_AREA ( #631 ) ;
#1698 = LINE ( 'NONE', #1914, #524 ) ;
#1699 = EDGE_CURVE ( 'NONE', #913, #1155, #3105, .T. ) ;
#1700 = COLOUR_RGB ( '',0.7529411764705882248, 0.7529411764705882248, 0.7529411764705882248 ) ;
#1701 = CARTESIAN_POINT ( 'NONE',  ( 0.1389999999999999847, 0.3366748151297072056, -0.01000000000000000021 ) ) ;
#1702 = ORIENTED_EDGE ( 'NONE', *, *, #185, .F. ) ;
#1703 = CARTESIAN_POINT ( 'NONE',  ( -0.008000000000000036596, 0.3629999999999999893, -0.01000000000000000021 ) ) ;
#1704 = SURFACE_STYLE_FILL_AREA ( #3001 ) ;
#1705 = SURFACE_STYLE_FILL_AREA ( #314 ) ;
#1706 = EDGE_LOOP ( 'NONE', ( #1134, #85, #3247, #3223 ) ) ;
#1707 =( LENGTH_UNIT ( ) NAMED_UNIT ( * ) SI_UNIT ( $, .METRE. ) );
#1708 = CARTESIAN_POINT ( 'NONE',  ( 0.1389999999999999847, 0.02567481512970726590, 0.05500000000000004191 ) ) ;
#1709 = UNCERTAINTY_MEASURE_WITH_UNIT (LENGTH_MEASURE( 1.000000000000000082E-05 ), #3281, 'distance_accuracy_value', 'NONE');
#1710 = ORIENTED_EDGE ( 'NONE', *, *, #2180, .T. ) ;
#1711 = LENGTH_MEASURE_WITH_UNIT ( LENGTH_MEASURE( 0.02539999999999999897 ), #2984 );
#1712 = DIRECTION ( 'NONE',  ( -1.000000000000000000, -0.0000000000000000000, -0.0000000000000000000 ) ) ;
#1713 = ORIENTED_EDGE ( 'NONE', *, *, #1108, .F. ) ;
#1714 = CARTESIAN_POINT ( 'NONE',  ( -0.02500000000000003608, 0.2910000000000000364, 0.1380000000000000115 ) ) ;
#1715 = ORIENTED_EDGE ( 'NONE', *, *, #3241, .T. ) ;
#1716 = EDGE_CURVE ( 'NONE', #228, #1894, #272, .T. ) ;
#1717 =( NAMED_UNIT ( * ) PLANE_ANGLE_UNIT ( ) SI_UNIT ( $, .RADIAN. ) );
#1718 = DIMENSIONAL_EXPONENTS ( 1.000000000000000000, 0.0000000000000000000, 0.0000000000000000000, 0.0000000000000000000, 0.0000000000000000000, 0.0000000000000000000, 0.0000000000000000000 ) ;
#1719 = ORIENTED_EDGE ( 'NONE', *, *, #3188, .F. ) ;
#1720 = EDGE_CURVE ( 'NONE', #1487, #467, #3152, .T. ) ;
#1721 = CARTESIAN_POINT ( 'NONE',  ( 0.03899999999999996525, 0.3366748151297073166, 0.0000000000000000000 ) ) ;
#1722 = LINE ( 'NONE', #3264, #1614 ) ;
#1723 = CARTESIAN_POINT ( 'NONE',  ( -0.008000000000000036596, -0.03699999999999997735, 0.0000000000000000000 ) ) ;
#1724 = EDGE_CURVE ( 'NONE', #1929, #3099, #3097, .T. ) ;
#1725 = AXIS2_PLACEMENT_3D ( 'NONE', #1708, #121, #3056 ) ;
#1726 = LINE ( 'NONE', #1907, #1503 ) ;
#1727 = SURFACE_STYLE_USAGE ( .BOTH. , #1417 ) ;
#1728 =( LENGTH_UNIT ( ) NAMED_UNIT ( * ) SI_UNIT ( $, .METRE. ) );
#1729 = VECTOR ( 'NONE', #700, 39.37007874015748143 ) ;
#1730 = CARTESIAN_POINT ( 'NONE',  ( 0.09199999999999997069, 0.3151148981521642023, 0.05250287455539367348 ) ) ;
#1731 = DIRECTION ( 'NONE',  ( 0.0000000000000000000, 0.1668583036929084107, 0.9859808854580930371 ) ) ;
#1732 =( NAMED_UNIT ( * ) SI_UNIT ( $, .STERADIAN. ) SOLID_ANGLE_UNIT ( ) );
#1733 = VECTOR ( 'NONE', #2779, 39.37007874015748143 ) ;
#1734 = LINE ( 'NONE', #411, #2089 ) ;
#1735 = ORIENTED_EDGE ( 'NONE', *, *, #13, .F. ) ;
#1736 = LENGTH_MEASURE_WITH_UNIT ( LENGTH_MEASURE( 0.02539999999999999897 ), #2217 );
#1737 = LENGTH_MEASURE_WITH_UNIT ( LENGTH_MEASURE( 0.02539999999999999897 ), #2801 );
#1738 = VECTOR ( 'NONE', #2138, 39.37007874015748143 ) ;
#1739 = DIRECTION ( 'NONE',  ( 0.0000000000000000000, -1.000000000000000000, 0.0000000000000000000 ) ) ;
#1740 = VECTOR ( 'NONE', #3383, 39.37007874015748143 ) ;
#1741 = CARTESIAN_POINT ( 'NONE',  ( 0.03899999999999996525, 0.004114898152164148983, 0.01249712544460637904 ) ) ;
#1742 =( NAMED_UNIT ( * ) PLANE_ANGLE_UNIT ( ) SI_UNIT ( $, .RADIAN. ) );
#1743 = CARTESIAN_POINT ( 'NONE',  ( 0.03899999999999996525, -0.01067481512970724737, 0.01500000000000000465 ) ) ;
#1744 = VECTOR ( 'NONE', #601, 39.37007874015748143 ) ;
#1745 = ORIENTED_EDGE ( 'NONE', *, *, #3184, .F. ) ;
#1746 = VECTOR ( 'NONE', #1934, 39.37007874015748143 ) ;
#1747 =( NAMED_UNIT ( * ) PLANE_ANGLE_UNIT ( ) SI_UNIT ( $, .RADIAN. ) );
#1748 = DIRECTION ( 'NONE',  ( 0.0000000000000000000, 0.0000000000000000000, 1.000000000000000000 ) ) ;
#1749 = PRESENTATION_LAYER_ASSIGNMENT (  '', '', ( #1064 ) ) ;
#1750 = SURFACE_STYLE_FILL_AREA ( #1211 ) ;
#1751 =( NAMED_UNIT ( * ) SI_UNIT ( $, .STERADIAN. ) SOLID_ANGLE_UNIT ( ) );
#1752 = UNCERTAINTY_MEASURE_WITH_UNIT (LENGTH_MEASURE( 1.000000000000000082E-05 ), #2656, 'distance_accuracy_value', 'NONE');
#1753 = ORIENTED_EDGE ( 'NONE', *, *, #2672, .T. ) ;
#1754 = PLANE ( 'NONE',  #2995 ) ;
#1755 = AXIS2_PLACEMENT_3D ( 'NONE', #961, #2455, #645 ) ;
#1756 = EDGE_LOOP ( 'NONE', ( #704, #1815, #2049, #2377 ) ) ;
#1757 = LENGTH_MEASURE_WITH_UNIT ( LENGTH_MEASURE( 0.02539999999999999897 ), #691 );
#1758 = ORIENTED_EDGE ( 'NONE', *, *, #2957, .T. ) ;
#1759 = CARTESIAN_POINT ( 'NONE',  ( 0.1389999999999999847, 0.3366748151297072056, 0.0000000000000000000 ) ) ;
#1760 = ADVANCED_FACE ( 'NONE', ( #2601 ), #3393, .F. ) ;
#1761 =( CONVERSION_BASED_UNIT ( 'INCH', #2257 ) LENGTH_UNIT ( ) NAMED_UNIT ( #863 ) );
#1762 = FACE_OUTER_BOUND ( 'NONE', #2423, .T. ) ;
#1763 = SURFACE_SIDE_STYLE ('',( #1697 ) ) ;
#1764 = LENGTH_MEASURE_WITH_UNIT ( LENGTH_MEASURE( 0.02539999999999999897 ), #3027 );
#1765 = EDGE_CURVE ( 'NONE', #818, #3363, #3117, .T. ) ;
#1766 = DIRECTION ( 'NONE',  ( 0.0000000000000000000, -0.0000000000000000000, 1.000000000000000000 ) ) ;
#1767 = ORIENTED_EDGE ( 'NONE', *, *, #1667, .F. ) ;
#1768 = DIRECTION ( 'NONE',  ( -1.000000000000000000, 0.0000000000000000000, -0.0000000000000000000 ) ) ;
#1769 = SURFACE_SIDE_STYLE ('',( #184 ) ) ;
#1770 =( NAMED_UNIT ( * ) SI_UNIT ( $, .STERADIAN. ) SOLID_ANGLE_UNIT ( ) );
#1771 = VECTOR ( 'NONE', #1403, 39.37007874015748143 ) ;
#1772 = VERTEX_POINT ( 'NONE', #2616 ) ;
#1773 = PRESENTATION_STYLE_ASSIGNMENT (( #3346 ) ) ;
#1774 = EDGE_LOOP ( 'NONE', ( #833, #115, #1269, #2349 ) ) ;
#1775 = FILL_AREA_STYLE_COLOUR ( '', #28 ) ;
#1776 = LENGTH_MEASURE_WITH_UNIT ( LENGTH_MEASURE( 0.02539999999999999897 ), #1991 );
#1777 = PLANE ( 'NONE',  #779 ) ;
#1778 = EDGE_CURVE ( 'NONE', #2321, #2480, #1009, .T. ) ;
#1779 = STYLED_ITEM ( 'NONE', ( #3360 ), #3029 ) ;
#1780 = LINE ( 'NONE', #2081, #869 ) ;
#1781 = COLOUR_RGB ( '',0.7529411764705882248, 0.7529411764705882248, 0.7529411764705882248 ) ;
#1782 = UNCERTAINTY_MEASURE_WITH_UNIT (LENGTH_MEASURE( 1.000000000000000082E-05 ), #2625, 'distance_accuracy_value', 'NONE');
#1783 = MECHANICAL_DESIGN_GEOMETRIC_PRESENTATION_REPRESENTATION (  '', ( #1437 ), #556 ) ;
#1784 = PRESENTATION_LAYER_ASSIGNMENT (  '', '', ( #3366 ) ) ;
#1785 = EDGE_CURVE ( 'NONE', #818, #493, #224, .T. ) ;
#1786 = FILL_AREA_STYLE_COLOUR ( '', #1794 ) ;
#1787 = CARTESIAN_POINT ( 'NONE',  ( 0.03899999999999996525, 0.3151148981521642023, 0.05250287455539367348 ) ) ;
#1788 = VECTOR ( 'NONE', #1475, 39.37007874015748143 ) ;
#1789 = ORIENTED_EDGE ( 'NONE', *, *, #567, .F. ) ;
#1790 = SURFACE_STYLE_FILL_AREA ( #2507 ) ;
#1791 = MECHANICAL_DESIGN_GEOMETRIC_PRESENTATION_REPRESENTATION (  '', ( #3267 ), #1284 ) ;
#1792 = PRESENTATION_LAYER_ASSIGNMENT (  '', '', ( #1167 ) ) ;
#1793 = ORIENTED_EDGE ( 'NONE', *, *, #216, .F. ) ;
#1794 = COLOUR_RGB ( '',0.7529411764705882248, 0.7529411764705882248, 0.7529411764705882248 ) ;
#1795 = MECHANICAL_DESIGN_GEOMETRIC_PRESENTATION_REPRESENTATION (  '', ( #1333 ), #1635 ) ;
#1796 = CIRCLE ( 'NONE', #352, 0.004999999999999997502 ) ;
#1797 = SURFACE_STYLE_FILL_AREA ( #729 ) ;
#1798 = FILL_AREA_STYLE ('',( #492 ) ) ;
#1799 =( NAMED_UNIT ( * ) SI_UNIT ( $, .STERADIAN. ) SOLID_ANGLE_UNIT ( ) );
#1800 = ORIENTED_EDGE ( 'NONE', *, *, #362, .F. ) ;
#1801 = CARTESIAN_POINT ( 'NONE',  ( 0.09199999999999997069, 0.3003251848702927496, 0.05500000000000004191 ) ) ;
#1802 =( NAMED_UNIT ( * ) SI_UNIT ( $, .STERADIAN. ) SOLID_ANGLE_UNIT ( ) );
#1803 = ORIENTED_EDGE ( 'NONE', *, *, #139, .T. ) ;
#1804 = COLOUR_RGB ( '',0.2549019607843137081, 0.2549019607843137081, 0.2549019607843137081 ) ;
#1805 = SURFACE_STYLE_USAGE ( .BOTH. , #2765 ) ;
#1806 = EDGE_LOOP ( 'NONE', ( #606, #1313, #2905, #1544, #1344, #3028, #3268, #563, #2300, #3202, #2473, #1713 ) ) ;
#1807 = FACE_OUTER_BOUND ( 'NONE', #6, .T. ) ;
#1808 = DIRECTION ( 'NONE',  ( 1.000000000000000000, 0.0000000000000000000, 0.0000000000000000000 ) ) ;
#1809 =( NAMED_UNIT ( * ) PLANE_ANGLE_UNIT ( ) SI_UNIT ( $, .RADIAN. ) );
#1810 = UNCERTAINTY_MEASURE_WITH_UNIT (LENGTH_MEASURE( 1.000000000000000082E-05 ), #3074, 'distance_accuracy_value', 'NONE');
#1811 = LINE ( 'NONE', #1849, #1266 ) ;
#1812 = ORIENTED_EDGE ( 'NONE', *, *, #2612, .T. ) ;
#1813 = DIRECTION ( 'NONE',  ( 0.0000000000000000000, -0.1668583036929084107, -0.9859808854580930371 ) ) ;
#1814 = ADVANCED_FACE ( 'NONE', ( #2858 ), #519, .F. ) ;
#1815 = ORIENTED_EDGE ( 'NONE', *, *, #2271, .F. ) ;
#1816 = SURFACE_STYLE_FILL_AREA ( #795 ) ;
#1817 = LINE ( 'NONE', #3122, #3369 ) ;
#1818 = CYLINDRICAL_SURFACE ( 'NONE', #1847, 0.01499999999999999944 ) ;
#1819 = DIMENSIONAL_EXPONENTS ( 1.000000000000000000, 0.0000000000000000000, 0.0000000000000000000, 0.0000000000000000000, 0.0000000000000000000, 0.0000000000000000000, 0.0000000000000000000 ) ;
#1820 = EDGE_LOOP ( 'NONE', ( #643, #1753, #2623, #1468 ) ) ;
#1821 = CARTESIAN_POINT ( 'NONE',  ( -0.02500000000000000486, 0.03500000000000000333, 0.06500000000000004385 ) ) ;
#1822 = ORIENTED_EDGE ( 'NONE', *, *, #2652, .F. ) ;
#1823 = ADVANCED_FACE ( 'NONE', ( #3221 ), #2667, .T. ) ;
#1824 = CARTESIAN_POINT ( 'NONE',  ( -0.02500000000000000486, 0.03500000000000000333, 0.06500000000000004385 ) ) ;
#1825 = DIRECTION ( 'NONE',  ( 1.000000000000000000, 0.0000000000000000000, -0.0000000000000000000 ) ) ;
#1826 = CARTESIAN_POINT ( 'NONE',  ( 0.1389999999999999847, -0.01067481512970723523, 0.01500000000000000465 ) ) ;
#1827 =( CONVERSION_BASED_UNIT ( 'INCH', #1846 ) LENGTH_UNIT ( ) NAMED_UNIT ( #873 ) );
#1828 = DIRECTION ( 'NONE',  ( 0.0000000000000000000, 0.0000000000000000000, 1.000000000000000000 ) ) ;
#1829 = VERTEX_POINT ( 'NONE', #1350 ) ;
#1830 = PRESENTATION_LAYER_ASSIGNMENT (  '', '', ( #2136 ) ) ;
#1831 = DIRECTION ( 'NONE',  ( 0.0000000000000000000, -0.1668583036929084384, 0.9859808854580930371 ) ) ;
#1832 = DIRECTION ( 'NONE',  ( 0.0000000000000000000, 0.0000000000000000000, -1.000000000000000000 ) ) ;
#1833 =( GEOMETRIC_REPRESENTATION_CONTEXT ( 3 ) GLOBAL_UNCERTAINTY_ASSIGNED_CONTEXT ( ( #3012 ) ) GLOBAL_UNIT_ASSIGNED_CONTEXT ( ( #2747, #2771, #406 ) ) REPRESENTATION_CONTEXT ( 'NONE', 'WORKASPACE' ) );
#1834 = FACE_OUTER_BOUND ( 'NONE', #1932, .T. ) ;
#1835 = PRESENTATION_LAYER_ASSIGNMENT (  '', '', ( #2529 ) ) ;
#1836 = EDGE_LOOP ( 'NONE', ( #2285, #2334, #3179, #150, #971, #706, #1057, #3194, #3093, #2415, #1122, #1173 ) ) ;
#1837 = LENGTH_MEASURE_WITH_UNIT ( LENGTH_MEASURE( 0.02539999999999999897 ), #2370 );
#1838 = PLANE ( 'NONE',  #18 ) ;
#1839 = COLOUR_RGB ( '',0.2549019607843137081, 0.2549019607843137081, 0.2549019607843137081 ) ;
#1840 = EDGE_CURVE ( 'NONE', #72, #1829, #1698, .T. ) ;
#1841 = DIMENSIONAL_EXPONENTS ( 1.000000000000000000, 0.0000000000000000000, 0.0000000000000000000, 0.0000000000000000000, 0.0000000000000000000, 0.0000000000000000000, 0.0000000000000000000 ) ;
#1842 = AXIS2_PLACEMENT_3D ( 'NONE', #2728, #1436, #1225 ) ;
#1843 =( GEOMETRIC_REPRESENTATION_CONTEXT ( 3 ) GLOBAL_UNCERTAINTY_ASSIGNED_CONTEXT ( ( #2375 ) ) GLOBAL_UNIT_ASSIGNED_CONTEXT ( ( #1250, #1235, #205 ) ) REPRESENTATION_CONTEXT ( 'NONE', 'WORKASPACE' ) );
#1844 = SURFACE_STYLE_USAGE ( .BOTH. , #2080 ) ;
#1845 = LINE ( 'NONE', #2796, #2942 ) ;
#1846 = LENGTH_MEASURE_WITH_UNIT ( LENGTH_MEASURE( 0.02539999999999999897 ), #2358 );
#1847 = AXIS2_PLACEMENT_3D ( 'NONE', #1354, #2718, #134 ) ;
#1848 = VECTOR ( 'NONE', #92, 39.37007874015748854 ) ;
#1849 = CARTESIAN_POINT ( 'NONE',  ( 0.1389999999999999847, 0.3366748151297072056, -0.01000000000000000021 ) ) ;
#1850 = EDGE_LOOP ( 'NONE', ( #364, #2645, #3149, #921 ) ) ;
#1851 = SURFACE_STYLE_USAGE ( .BOTH. , #1025 ) ;
#1852 = AXIS2_PLACEMENT_3D ( 'NONE', #1123, #3236, #2906 ) ;
#1853 = DIRECTION ( 'NONE',  ( 0.0000000000000000000, 0.0000000000000000000, -1.000000000000000000 ) ) ;
#1854 = AXIS2_PLACEMENT_3D ( 'NONE', #3204, #632, #2907 ) ;
#1855 = DIRECTION ( 'NONE',  ( 0.0000000000000000000, -0.08715574274766557661, -0.9961946980917448791 ) ) ;
#1856 = ORIENTED_EDGE ( 'NONE', *, *, #590, .T. ) ;
#1857 =( NAMED_UNIT ( * ) PLANE_ANGLE_UNIT ( ) SI_UNIT ( $, .RADIAN. ) );
#1858 = DIRECTION ( 'NONE',  ( -1.000000000000000000, -0.0000000000000000000, -0.0000000000000000000 ) ) ;
#1859 = CARTESIAN_POINT ( 'NONE',  ( 0.1389999999999999847, 0.02074491070241680363, 0.05083429151846459437 ) ) ;
#1860 = PRESENTATION_LAYER_ASSIGNMENT (  '', '', ( #640 ) ) ;
#1861 = ORIENTED_EDGE ( 'NONE', *, *, #3309, .F. ) ;
#1862 = EDGE_CURVE ( 'NONE', #1501, #1829, #3000, .T. ) ;
#1863 = SURFACE_STYLE_FILL_AREA ( #2098 ) ;
#1864 = ORIENTED_EDGE ( 'NONE', *, *, #2696, .F. ) ;
#1865 = SURFACE_SIDE_STYLE ('',( #3169 ) ) ;
#1866 =( LENGTH_UNIT ( ) NAMED_UNIT ( * ) SI_UNIT ( $, .METRE. ) );
#1867 = EDGE_CURVE ( 'NONE', #239, #1487, #824, .T. ) ;
#1868 = CARTESIAN_POINT ( 'NONE',  ( -0.008000000000000036596, 0.3218851018478358639, 0.01249712544460637904 ) ) ;
#1869 = FACE_OUTER_BOUND ( 'NONE', #1774, .T. ) ;
#1870 = PLANE ( 'NONE',  #2685 ) ;
#1871 = DIRECTION ( 'NONE',  ( -1.000000000000000000, 0.0000000000000000000, -0.0000000000000000000 ) ) ;
#1872 = FACE_OUTER_BOUND ( 'NONE', #2461, .T. ) ;
#1873 = CARTESIAN_POINT ( 'NONE',  ( 0.09199999999999997069, 0.004114898152164160258, 0.01249712544460637904 ) ) ;
#1874 = SURFACE_SIDE_STYLE ('',( #1098 ) ) ;
#1875 =( NAMED_UNIT ( * ) PLANE_ANGLE_UNIT ( ) SI_UNIT ( $, .RADIAN. ) );
#1876 = LINE ( 'NONE', #2987, #852 ) ;
#1877 = ORIENTED_EDGE ( 'NONE', *, *, #486, .F. ) ;
#1878 = EDGE_CURVE ( 'NONE', #2134, #123, #2327, .T. ) ;
#1879 = ORIENTED_EDGE ( 'NONE', *, *, #973, .F. ) ;
#1880 = CARTESIAN_POINT ( 'NONE',  ( 0.1389999999999999847, -0.01067481512970723523, 0.01500000000000000465 ) ) ;
#1881 = LENGTH_MEASURE_WITH_UNIT ( LENGTH_MEASURE( 0.02539999999999999897 ), #2690 );
#1882 = VECTOR ( 'NONE', #3249, 39.37007874015748143 ) ;
#1883 = ORIENTED_EDGE ( 'NONE', *, *, #2407, .F. ) ;
#1884 =( LENGTH_UNIT ( ) NAMED_UNIT ( * ) SI_UNIT ( $, .METRE. ) );
#1885 = CIRCLE ( 'NONE', #2309, 0.02500000000000000139 ) ;
#1886 = CARTESIAN_POINT ( 'NONE',  ( 0.03899999999999996525, 0.02074491070241678975, 0.05083429151846459437 ) ) ;
#1887 = SURFACE_STYLE_USAGE ( .BOTH. , #605 ) ;
#1888 = AXIS2_PLACEMENT_3D ( 'NONE', #2724, #1205, #2254 ) ;
#1889 = ORIENTED_EDGE ( 'NONE', *, *, #2350, .F. ) ;
#1890 = VECTOR ( 'NONE', #582, 39.37007874015748143 ) ;
#1891 = SURFACE_STYLE_FILL_AREA ( #2131 ) ;
#1892 = PRESENTATION_LAYER_ASSIGNMENT (  '', '', ( #142 ) ) ;
#1893 = DIMENSIONAL_EXPONENTS ( 1.000000000000000000, 0.0000000000000000000, 0.0000000000000000000, 0.0000000000000000000, 0.0000000000000000000, 0.0000000000000000000, 0.0000000000000000000 ) ;
#1894 = VERTEX_POINT ( 'NONE', #3010 ) ;
#1895 = CARTESIAN_POINT ( 'NONE',  ( 0.03899999999999996525, 0.3218851018478358639, 0.01249712544460637904 ) ) ;
#1896 = PRESENTATION_STYLE_ASSIGNMENT (( #2966 ) ) ;
#1897 = AXIS2_PLACEMENT_3D ( 'NONE', #48, #3224, #867 ) ;
#1898 = PRESENTATION_LAYER_ASSIGNMENT (  '', '', ( #3377 ) ) ;
#1899 = PLANE ( 'NONE',  #976 ) ;
#1900 = ADVANCED_FACE ( 'NONE', ( #2213 ), #1491, .F. ) ;
#1901 = DIRECTION ( 'NONE',  ( 0.0000000000000000000, 0.0000000000000000000, -1.000000000000000000 ) ) ;
#1902 =( GEOMETRIC_REPRESENTATION_CONTEXT ( 3 ) GLOBAL_UNCERTAINTY_ASSIGNED_CONTEXT ( ( #3355 ) ) GLOBAL_UNIT_ASSIGNED_CONTEXT ( ( #2099, #1809, #1040 ) ) REPRESENTATION_CONTEXT ( 'NONE', 'WORKASPACE' ) );
#1903 = PRESENTATION_STYLE_ASSIGNMENT (( #366 ) ) ;
#1904 = STYLED_ITEM ( 'NONE', ( #2013 ), #1066 ) ;
#1905 = FILL_AREA_STYLE ('',( #1169 ) ) ;
#1906 =( NAMED_UNIT ( * ) SI_UNIT ( $, .STERADIAN. ) SOLID_ANGLE_UNIT ( ) );
#1907 = CARTESIAN_POINT ( 'NONE',  ( 0.1389999999999999847, 0.3003251848702927496, 0.05500000000000004191 ) ) ;
#1908 = DIRECTION ( 'NONE',  ( -0.0000000000000000000, -0.0000000000000000000, 1.000000000000000000 ) ) ;
#1909 = PRESENTATION_STYLE_ASSIGNMENT (( #2419 ) ) ;
#1910 = DIRECTION ( 'NONE',  ( 0.0000000000000000000, 0.0000000000000000000, -1.000000000000000000 ) ) ;
#1911 = STYLED_ITEM ( 'NONE', ( #3301 ), #2803 ) ;
#1912 = ORIENTED_EDGE ( 'NONE', *, *, #2963, .F. ) ;
#1913 = DIRECTION ( 'NONE',  ( -1.000000000000000000, -0.0000000000000000000, -0.0000000000000000000 ) ) ;
#1914 = CARTESIAN_POINT ( 'NONE',  ( 0.1389999999999999847, 0.3366748151297072056, -0.01000000000000000021 ) ) ;
#1915 =( LENGTH_UNIT ( ) NAMED_UNIT ( * ) SI_UNIT ( $, .METRE. ) );
#1916 = VERTEX_POINT ( 'NONE', #978 ) ;
#1917 = DIRECTION ( 'NONE',  ( 0.0000000000000000000, 0.9859808854580930371, -0.1668583036929084384 ) ) ;
#1918 = CARTESIAN_POINT ( 'NONE',  ( 0.1389999999999999847, -0.01067481512970723349, 2.134256245050205639E-18 ) ) ;
#1919 = DIMENSIONAL_EXPONENTS ( 1.000000000000000000, 0.0000000000000000000, 0.0000000000000000000, 0.0000000000000000000, 0.0000000000000000000, 0.0000000000000000000, 0.0000000000000000000 ) ;
#1920 = DIRECTION ( 'NONE',  ( -1.000000000000000000, 0.0000000000000000000, -0.0000000000000000000 ) ) ;
#1921 = ADVANCED_FACE ( 'NONE', ( #2482 ), #2748, .T. ) ;
#1922 = CARTESIAN_POINT ( 'NONE',  ( 0.09199999999999997069, -0.01067481512970723523, 0.0000000000000000000 ) ) ;
#1923 = EDGE_CURVE ( 'NONE', #2859, #2, #701, .T. ) ;
#1924 = LINE ( 'NONE', #657, #1674 ) ;
#1925 = CARTESIAN_POINT ( 'NONE',  ( 0.1559999999999999998, 0.03500000000000002415, 0.1380000000000000115 ) ) ;
#1926 =( CONVERSION_BASED_UNIT ( 'INCH', #836 ) LENGTH_UNIT ( ) NAMED_UNIT ( #2973 ) );
#1927 = MECHANICAL_DESIGN_GEOMETRIC_PRESENTATION_REPRESENTATION (  '', ( #2187 ), #937 ) ;
#1928 = DIMENSIONAL_EXPONENTS ( 1.000000000000000000, 0.0000000000000000000, 0.0000000000000000000, 0.0000000000000000000, 0.0000000000000000000, 0.0000000000000000000, 0.0000000000000000000 ) ;
#1929 = VERTEX_POINT ( 'NONE', #681 ) ;
#1930 = CARTESIAN_POINT ( 'NONE',  ( 0.1389999999999999847, 0.3003251848702927496, 0.06500000000000004385 ) ) ;
#1931 = SURFACE_STYLE_USAGE ( .BOTH. , #1086 ) ;
#1932 = EDGE_LOOP ( 'NONE', ( #249, #3396, #2033, #1571 ) ) ;
#1933 = LINE ( 'NONE', #1703, #2487 ) ;
#1934 = DIRECTION ( 'NONE',  ( -0.0000000000000000000, -0.0000000000000000000, -1.000000000000000000 ) ) ;
#1935 = DIRECTION ( 'NONE',  ( 0.0000000000000000000, -1.000000000000000000, 0.0000000000000000000 ) ) ;
#1936 = VERTEX_POINT ( 'NONE', #2514 ) ;
#1937 = SURFACE_STYLE_FILL_AREA ( #1905 ) ;
#1938 = STYLED_ITEM ( 'NONE', ( #2143 ), #2866 ) ;
#1939 = LINE ( 'NONE', #1170, #2197 ) ;
#1940 = DIRECTION ( 'NONE',  ( 1.000000000000000000, 0.0000000000000000000, 0.0000000000000000000 ) ) ;
#1941 = PRESENTATION_LAYER_ASSIGNMENT (  '', '', ( #2575 ) ) ;
#1942 = MECHANICAL_DESIGN_GEOMETRIC_PRESENTATION_REPRESENTATION (  '', ( #3366 ), #1559 ) ;
#1943 = ORIENTED_EDGE ( 'NONE', *, *, #55, .F. ) ;
#1944 = SURFACE_STYLE_FILL_AREA ( #2744 ) ;
#1945 = ADVANCED_FACE ( 'NONE', ( #965 ), #3062, .T. ) ;
#1946 = VECTOR ( 'NONE', #2113, 39.37007874015748143 ) ;
#1947 = LINE ( 'NONE', #2498, #2820 ) ;
#1948 = UNCERTAINTY_MEASURE_WITH_UNIT (LENGTH_MEASURE( 1.000000000000000082E-05 ), #665, 'distance_accuracy_value', 'NONE');
#1949 = ORIENTED_EDGE ( 'NONE', *, *, #1867, .T. ) ;
#1950 = SURFACE_SIDE_STYLE ('',( #3252 ) ) ;
#1951 = DIRECTION ( 'NONE',  ( 0.0000000000000000000, -0.9961946980917448791, 0.08715574274766557661 ) ) ;
#1952 = LINE ( 'NONE', #2997, #1157 ) ;
#1953 = ORIENTED_EDGE ( 'NONE', *, *, #849, .F. ) ;
#1954 = DIRECTION ( 'NONE',  ( -1.000000000000000000, -0.0000000000000000000, -0.0000000000000000000 ) ) ;
#1955 = DIRECTION ( 'NONE',  ( 1.000000000000000000, 1.179147096712820967E-16, 0.0000000000000000000 ) ) ;
#1956 = DIMENSIONAL_EXPONENTS ( 1.000000000000000000, 0.0000000000000000000, 0.0000000000000000000, 0.0000000000000000000, 0.0000000000000000000, 0.0000000000000000000, 0.0000000000000000000 ) ;
#1957 = CARTESIAN_POINT ( 'NONE',  ( 0.1389999999999999847, -0.03699999999999996347, -0.01000000000000000021 ) ) ;
#1958 = MECHANICAL_DESIGN_GEOMETRIC_PRESENTATION_REPRESENTATION (  '', ( #203 ), #466 ) ;
#1959 = CARTESIAN_POINT ( 'NONE',  ( 0.1389999999999999847, -0.01067481512970723349, -0.01000000000000000021 ) ) ;
#1960 = ORIENTED_EDGE ( 'NONE', *, *, #1523, .F. ) ;
#1961 = DIRECTION ( 'NONE',  ( -0.0000000000000000000, -0.0000000000000000000, 1.000000000000000000 ) ) ;
#1962 = DIRECTION ( 'NONE',  ( 0.0000000000000000000, -1.792775245842172503E-15, -1.000000000000000000 ) ) ;
#1963 = SURFACE_SIDE_STYLE ('',( #162 ) ) ;
#1964 = VERTEX_POINT ( 'NONE', #2572 ) ;
#1965 = DIRECTION ( 'NONE',  ( -1.000000000000000000, 0.0000000000000000000, 0.0000000000000000000 ) ) ;
#1966 = DIRECTION ( 'NONE',  ( 0.0000000000000000000, 0.0000000000000000000, -1.000000000000000000 ) ) ;
#1967 = ADVANCED_FACE ( 'NONE', ( #766 ), #2889, .F. ) ;
#1968 = PRESENTATION_LAYER_ASSIGNMENT (  '', '', ( #1584 ) ) ;
#1969 = FACE_OUTER_BOUND ( 'NONE', #805, .T. ) ;
#1970 = VERTEX_POINT ( 'NONE', #3354 ) ;
#1971 = ORIENTED_EDGE ( 'NONE', *, *, #1765, .F. ) ;
#1972 = SURFACE_SIDE_STYLE ('',( #3055 ) ) ;
#1973 = DIRECTION ( 'NONE',  ( 1.000000000000000000, 0.0000000000000000000, 0.0000000000000000000 ) ) ;
#1974 = CARTESIAN_POINT ( 'NONE',  ( -0.02500000000000000486, 0.03500000000000000333, 0.07299999999999996769 ) ) ;
#1975 = ORIENTED_EDGE ( 'NONE', *, *, #3309, .T. ) ;
#1976 = DIRECTION ( 'NONE',  ( 0.0000000000000000000, 0.0000000000000000000, -1.000000000000000000 ) ) ;
#1977 = DIRECTION ( 'NONE',  ( -1.000000000000000000, 0.0000000000000000000, -0.0000000000000000000 ) ) ;
#1978 = PRESENTATION_STYLE_ASSIGNMENT (( #3337 ) ) ;
#1979 = ORIENTED_EDGE ( 'NONE', *, *, #840, .F. ) ;
#1980 = DIRECTION ( 'NONE',  ( 0.0000000000000000000, 0.0000000000000000000, 1.000000000000000000 ) ) ;
#1981 = SURFACE_STYLE_FILL_AREA ( #683 ) ;
#1982 = UNCERTAINTY_MEASURE_WITH_UNIT (LENGTH_MEASURE( 1.000000000000000082E-05 ), #285, 'distance_accuracy_value', 'NONE');
#1983 = CARTESIAN_POINT ( 'NONE',  ( 0.03899999999999996525, 0.3629999999999999893, -0.01000000000000000021 ) ) ;
#1984 = ORIENTED_EDGE ( 'NONE', *, *, #1385, .F. ) ;
#1985 = PLANE ( 'NONE',  #1632 ) ;
#1986 = PRESENTATION_STYLE_ASSIGNMENT (( #2519 ) ) ;
#1987 = PRESENTATION_STYLE_ASSIGNMENT (( #368 ) ) ;
#1988 =( GEOMETRIC_REPRESENTATION_CONTEXT ( 3 ) GLOBAL_UNCERTAINTY_ASSIGNED_CONTEXT ( ( #122 ) ) GLOBAL_UNIT_ASSIGNED_CONTEXT ( ( #1650, #604, #2112 ) ) REPRESENTATION_CONTEXT ( 'NONE', 'WORKASPACE' ) );
#1989 = EDGE_LOOP ( 'NONE', ( #2964, #481, #637, #3057 ) ) ;
#1990 = SURFACE_STYLE_USAGE ( .BOTH. , #3317 ) ;
#1991 =( LENGTH_UNIT ( ) NAMED_UNIT ( * ) SI_UNIT ( $, .METRE. ) );
#1992 = FILL_AREA_STYLE_COLOUR ( '', #843 ) ;
#1993 = COLOUR_RGB ( '',0.2549019607843137081, 0.2549019607843137081, 0.2549019607843137081 ) ;
#1994 = VECTOR ( 'NONE', #2093, 39.37007874015748143 ) ;
#1995 = DIRECTION ( 'NONE',  ( -1.333910153156378409E-16, -1.000000000000000000, 0.0000000000000000000 ) ) ;
#1996 =( LENGTH_UNIT ( ) NAMED_UNIT ( * ) SI_UNIT ( $, .METRE. ) );
#1997 = FILL_AREA_STYLE_COLOUR ( '', #998 ) ;
#1998 = DIRECTION ( 'NONE',  ( 1.000000000000000000, -1.179147096712820720E-16, -0.0000000000000000000 ) ) ;
#1999 = VECTOR ( 'NONE', #325, 39.37007874015748143 ) ;
#2000 = AXIS2_PLACEMENT_3D ( 'NONE', #3263, #871, #908 ) ;
#2001 = ADVANCED_FACE ( 'NONE', ( #990 ), #730, .T. ) ;
#2002 = ORIENTED_EDGE ( 'NONE', *, *, #2407, .T. ) ;
#2003 = PLANE ( 'NONE',  #349 ) ;
#2004 = PLANE ( 'NONE',  #1725 ) ;
#2005 = VECTOR ( 'NONE', #1314, 39.37007874015748143 ) ;
#2006 = ORIENTED_EDGE ( 'NONE', *, *, #1778, .T. ) ;
#2007 = STYLED_ITEM ( 'NONE', ( #3306 ), #3395 ) ;
#2008 = SURFACE_STYLE_FILL_AREA ( #435 ) ;
#2009 = AXIS2_PLACEMENT_3D ( 'NONE', #2689, #358, #1401 ) ;
#2010 = EDGE_CURVE ( 'NONE', #845, #2480, #1876, .T. ) ;
#2011 = FACE_OUTER_BOUND ( 'NONE', #2837, .T. ) ;
#2012 = LINE ( 'NONE', #2477, #2686 ) ;
#2013 = PRESENTATION_STYLE_ASSIGNMENT (( #977 ) ) ;
#2014 = UNCERTAINTY_MEASURE_WITH_UNIT (LENGTH_MEASURE( 1.000000000000000082E-05 ), #529, 'distance_accuracy_value', 'NONE');
#2015 = SURFACE_SIDE_STYLE ('',( #2774 ) ) ;
#2016 = EDGE_LOOP ( 'NONE', ( #2228, #1033, #1069, #369 ) ) ;
#2017 = CARTESIAN_POINT ( 'NONE',  ( 0.1389999999999999847, 0.3218851018478358639, 0.01249712544460637904 ) ) ;
#2018 = PRESENTATION_STYLE_ASSIGNMENT (( #1202 ) ) ;
#2019 = ORIENTED_EDGE ( 'NONE', *, *, #2090, .T. ) ;
#2020 = DIRECTION ( 'NONE',  ( -0.0000000000000000000, 1.000000000000000000, -0.0000000000000000000 ) ) ;
#2021 = COLOUR_RGB ( '',0.2549019607843137081, 0.2549019607843137081, 0.2549019607843137081 ) ;
#2022 =( NAMED_UNIT ( * ) PLANE_ANGLE_UNIT ( ) SI_UNIT ( $, .RADIAN. ) );
#2023 = ADVANCED_FACE ( 'NONE', ( #1081 ), #2171, .F. ) ;
#2024 = ORIENTED_EDGE ( 'NONE', *, *, #2536, .T. ) ;
#2025 = SURFACE_STYLE_FILL_AREA ( #487 ) ;
#2026 =( LENGTH_UNIT ( ) NAMED_UNIT ( * ) SI_UNIT ( $, .METRE. ) );
#2027 = LENGTH_MEASURE_WITH_UNIT ( LENGTH_MEASURE( 0.02539999999999999897 ), #267 );
#2028 = FILL_AREA_STYLE_COLOUR ( '', #917 ) ;
#2029 = CARTESIAN_POINT ( 'NONE',  ( 0.03899999999999996525, 0.3366748151297073166, 0.01500000000000000465 ) ) ;
#2030 = CARTESIAN_POINT ( 'NONE',  ( -0.008000000000000036596, 0.3366748151297073166, -0.01000000000000000021 ) ) ;
#2031 = ORIENTED_EDGE ( 'NONE', *, *, #381, .F. ) ;
#2032 = FACE_OUTER_BOUND ( 'NONE', #2975, .T. ) ;
#2033 = ORIENTED_EDGE ( 'NONE', *, *, #198, .F. ) ;
#2034 = FILL_AREA_STYLE ('',( #1775 ) ) ;
#2035 = DIRECTION ( 'NONE',  ( 0.08682659386425439774, -0.08682659386425464754, 0.9924325091389657461 ) ) ;
#2036 = EDGE_CURVE ( 'NONE', #1916, #1129, #1399, .T. ) ;
#2037 = PRESENTATION_LAYER_ASSIGNMENT (  '', '', ( #1779 ) ) ;
#2038 = DIRECTION ( 'NONE',  ( 0.0000000000000000000, 0.0000000000000000000, 1.000000000000000000 ) ) ;
#2039 = FILL_AREA_STYLE_COLOUR ( '', #1700 ) ;
#2040 = DIRECTION ( 'NONE',  ( 0.0000000000000000000, 0.0000000000000000000, -1.000000000000000000 ) ) ;
#2041 = VECTOR ( 'NONE', #2215, 39.37007874015748143 ) ;
#2042 = FILL_AREA_STYLE ('',( #211 ) ) ;
#2043 = CARTESIAN_POINT ( 'NONE',  ( 0.1389999999999999847, 0.3052550892975832153, 0.05083429151846459437 ) ) ;
#2044 =( GEOMETRIC_REPRESENTATION_CONTEXT ( 3 ) GLOBAL_UNCERTAINTY_ASSIGNED_CONTEXT ( ( #2704 ) ) GLOBAL_UNIT_ASSIGNED_CONTEXT ( ( #87, #804, #1906 ) ) REPRESENTATION_CONTEXT ( 'NONE', 'WORKASPACE' ) );
#2045 = ORIENTED_EDGE ( 'NONE', *, *, #97, .T. ) ;
#2046 = LINE ( 'NONE', #3137, #3098 ) ;
#2047 = PLANE ( 'NONE',  #442 ) ;
#2048 = AXIS2_PLACEMENT_3D ( 'NONE', #2105, #3116, #259 ) ;
#2049 = ORIENTED_EDGE ( 'NONE', *, *, #8, .F. ) ;
#2050 = DIRECTION ( 'NONE',  ( 0.0000000000000000000, 0.0000000000000000000, -1.000000000000000000 ) ) ;
#2051 = PRESENTATION_LAYER_ASSIGNMENT (  '', '', ( #1389 ) ) ;
#2052 = SURFACE_STYLE_USAGE ( .BOTH. , #3127 ) ;
#2053 = COLOUR_RGB ( '',0.7529411764705882248, 0.7529411764705882248, 0.7529411764705882248 ) ;
#2054 = STYLED_ITEM ( 'NONE', ( #941 ), #821 ) ;
#2055 = FILL_AREA_STYLE_COLOUR ( '', #3205 ) ;
#2056 = DIRECTION ( 'NONE',  ( 0.0000000000000000000, 0.0000000000000000000, 1.000000000000000000 ) ) ;
#2057 = CIRCLE ( 'NONE', #575, 0.01499999999999999944 ) ;
#2058 = EDGE_CURVE ( 'NONE', #1203, #467, #1345, .T. ) ;
#2059 = SURFACE_SIDE_STYLE ('',( #2294 ) ) ;
#2060 = DIRECTION ( 'NONE',  ( 0.0000000000000000000, -1.000000000000000000, 0.0000000000000000000 ) ) ;
#2061 =( NAMED_UNIT ( * ) PLANE_ANGLE_UNIT ( ) SI_UNIT ( $, .RADIAN. ) );
#2062 = DIRECTION ( 'NONE',  ( 0.0000000000000000000, 0.0000000000000000000, -1.000000000000000000 ) ) ;
#2063 = EDGE_CURVE ( 'NONE', #1604, #580, #70, .T. ) ;
#2064 = ORIENTED_EDGE ( 'NONE', *, *, #3351, .T. ) ;
#2065 = LINE ( 'NONE', #244, #2868 ) ;
#2066 = FILL_AREA_STYLE_COLOUR ( '', #2573 ) ;
#2067 = CIRCLE ( 'NONE', #2114, 0.01000000000000000021 ) ;
#2068 = ORIENTED_EDGE ( 'NONE', *, *, #338, .F. ) ;
#2069 = PRESENTATION_LAYER_ASSIGNMENT (  '', '', ( #2440 ) ) ;
#2070 = DIRECTION ( 'NONE',  ( -0.0000000000000000000, 0.0000000000000000000, -1.000000000000000000 ) ) ;
#2071 =( LENGTH_UNIT ( ) NAMED_UNIT ( * ) SI_UNIT ( $, .METRE. ) );
#2072 = LINE ( 'NONE', #716, #2365 ) ;
#2073 = ORIENTED_EDGE ( 'NONE', *, *, #2909, .F. ) ;
#2074 = SHAPE_DEFINITION_REPRESENTATION ( #586, #1486 ) ;
#2075 = DIRECTION ( 'NONE',  ( 1.000000000000000000, 0.0000000000000000000, 0.0000000000000000000 ) ) ;
#2076 = ORIENTED_EDGE ( 'NONE', *, *, #2553, .F. ) ;
#2077 =( NAMED_UNIT ( * ) SI_UNIT ( $, .STERADIAN. ) SOLID_ANGLE_UNIT ( ) );
#2078 = ORIENTED_EDGE ( 'NONE', *, *, #1340, .T. ) ;
#2079 = LINE ( 'NONE', #1049, #727 ) ;
#2080 = SURFACE_SIDE_STYLE ('',( #1038 ) ) ;
#2081 = CARTESIAN_POINT ( 'NONE',  ( 0.03899999999999996525, 0.3366748151297073166, -0.01000000000000000021 ) ) ;
#2082 = PRESENTATION_STYLE_ASSIGNMENT (( #1299 ) ) ;
#2083 = PLANE ( 'NONE',  #447 ) ;
#2084 = ORIENTED_EDGE ( 'NONE', *, *, #1518, .F. ) ;
#2085 = STYLED_ITEM ( 'NONE', ( #2588 ), #2827 ) ;
#2086 = FILL_AREA_STYLE ('',( #1573 ) ) ;
#2087 = FILL_AREA_STYLE_COLOUR ( '', #1459 ) ;
#2088 = CIRCLE ( 'NONE', #1160, 0.01499999999999999771 ) ;
#2089 = VECTOR ( 'NONE', #2501, 39.37007874015748143 ) ;
#2090 = EDGE_CURVE ( 'NONE', #1253, #1555, #2149, .T. ) ;
#2091 = COLOUR_RGB ( '',0.7529411764705882248, 0.7529411764705882248, 0.7529411764705882248 ) ;
#2092 = LINE ( 'NONE', #2842, #1740 ) ;
#2093 = DIRECTION ( 'NONE',  ( -1.000000000000000000, 0.0000000000000000000, -0.0000000000000000000 ) ) ;
#2094 = DIMENSIONAL_EXPONENTS ( 1.000000000000000000, 0.0000000000000000000, 0.0000000000000000000, 0.0000000000000000000, 0.0000000000000000000, 0.0000000000000000000, 0.0000000000000000000 ) ;
#2095 = VECTOR ( 'NONE', #2345, 39.37007874015748143 ) ;
#2096 = EDGE_CURVE ( 'NONE', #375, #1144, #3164, .T. ) ;
#2097 = VERTEX_POINT ( 'NONE', #2374 ) ;
#2098 = FILL_AREA_STYLE ('',( #354 ) ) ;
#2099 =( CONVERSION_BASED_UNIT ( 'INCH', #2347 ) LENGTH_UNIT ( ) NAMED_UNIT ( #1121 ) );
#2100 = COLOUR_RGB ( '',0.7529411764705882248, 0.7529411764705882248, 0.7529411764705882248 ) ;
#2101 =( GEOMETRIC_REPRESENTATION_CONTEXT ( 3 ) GLOBAL_UNCERTAINTY_ASSIGNED_CONTEXT ( ( #223 ) ) GLOBAL_UNIT_ASSIGNED_CONTEXT ( ( #2839, #2938, #2699 ) ) REPRESENTATION_CONTEXT ( 'NONE', 'WORKASPACE' ) );
#2102 = VECTOR ( 'NONE', #1995, 39.37007874015748143 ) ;
#2103 = ORIENTED_EDGE ( 'NONE', *, *, #2063, .F. ) ;
#2104 = FILL_AREA_STYLE ('',( #2818 ) ) ;
#2105 = CARTESIAN_POINT ( 'NONE',  ( 0.0000000000000000000, 0.0000000000000000000, 0.0000000000000000000 ) ) ;
#2106 = LINE ( 'NONE', #46, #408 ) ;
#2107 = COLOUR_RGB ( '',0.7529411764705882248, 0.7529411764705882248, 0.7529411764705882248 ) ;
#2108 = DIRECTION ( 'NONE',  ( 0.0000000000000000000, 0.0000000000000000000, -1.000000000000000000 ) ) ;
#2109 = DIRECTION ( 'NONE',  ( 0.0000000000000000000, 0.1668583036929084384, -0.9859808854580930371 ) ) ;
#2110 =( NAMED_UNIT ( * ) SI_UNIT ( $, .STERADIAN. ) SOLID_ANGLE_UNIT ( ) );
#2111 = EDGE_CURVE ( 'NONE', #29, #2204, #44, .T. ) ;
#2112 =( NAMED_UNIT ( * ) SI_UNIT ( $, .STERADIAN. ) SOLID_ANGLE_UNIT ( ) );
#2113 = DIRECTION ( 'NONE',  ( 0.0000000000000000000, -1.000000000000000000, 0.0000000000000000000 ) ) ;
#2114 = AXIS2_PLACEMENT_3D ( 'NONE', #2873, #2056, #1585 ) ;
#2115 = ORIENTED_EDGE ( 'NONE', *, *, #2840, .F. ) ;
#2116 =( LENGTH_UNIT ( ) NAMED_UNIT ( * ) SI_UNIT ( $, .METRE. ) );
#2117 = EDGE_CURVE ( 'NONE', #3171, #1538, #3158, .T. ) ;
#2118 = CARTESIAN_POINT ( 'NONE',  ( -0.008000000000000036596, 0.01397470700674508307, 0.01082854240767729299 ) ) ;
#2119 = DIRECTION ( 'NONE',  ( -1.000000000000000000, 1.333910153156378409E-16, 0.0000000000000000000 ) ) ;
#2120 = ORIENTED_EDGE ( 'NONE', *, *, #1615, .T. ) ;
#2121 = CARTESIAN_POINT ( 'NONE',  ( 0.1389999999999999847, 0.3052550892975832153, 0.05083429151846458743 ) ) ;
#2122 = CARTESIAN_POINT ( 'NONE',  ( 0.03899999999999996525, 0.02567481512970725202, 0.05000000000000004441 ) ) ;
#2123 = FACE_OUTER_BOUND ( 'NONE', #2626, .T. ) ;
#2124 = ORIENTED_EDGE ( 'NONE', *, *, #3142, .T. ) ;
#2125 = DIRECTION ( 'NONE',  ( -0.0000000000000000000, 0.08715574274766532681, 0.9961946980917448791 ) ) ;
#2126 = CARTESIAN_POINT ( 'NONE',  ( 0.1389999999999999847, 0.004114898152164160258, 0.01249712544460637904 ) ) ;
#2127 = ORIENTED_EDGE ( 'NONE', *, *, #1043, .F. ) ;
#2128 = SURFACE_STYLE_FILL_AREA ( #801 ) ;
#2129 =( LENGTH_UNIT ( ) NAMED_UNIT ( * ) SI_UNIT ( $, .METRE. ) );
#2130 = UNCERTAINTY_MEASURE_WITH_UNIT (LENGTH_MEASURE( 1.000000000000000082E-05 ), #877, 'distance_accuracy_value', 'NONE');
#2131 = FILL_AREA_STYLE ('',( #56 ) ) ;
#2132 = DIRECTION ( 'NONE',  ( 0.0000000000000000000, 1.000000000000000000, 0.0000000000000000000 ) ) ;
#2133 = ADVANCED_FACE ( 'NONE', ( #1762 ), #2780, .F. ) ;
#2134 = VERTEX_POINT ( 'NONE', #1461 ) ;
#2135 = DIRECTION ( 'NONE',  ( -0.0000000000000000000, 0.0000000000000000000, -1.000000000000000000 ) ) ;
#2136 = STYLED_ITEM ( 'NONE', ( #3069 ), #2990 ) ;
#2137 = ORIENTED_EDGE ( 'NONE', *, *, #988, .T. ) ;
#2138 = DIRECTION ( 'NONE',  ( 0.0000000000000000000, -0.1668583036929084384, -0.9859808854580930371 ) ) ;
#2139 = DIRECTION ( 'NONE',  ( 0.0000000000000000000, 0.0000000000000000000, 1.000000000000000000 ) ) ;
#2140 =( GEOMETRIC_REPRESENTATION_CONTEXT ( 3 ) GLOBAL_UNCERTAINTY_ASSIGNED_CONTEXT ( ( #159 ) ) GLOBAL_UNIT_ASSIGNED_CONTEXT ( ( #2542, #2022, #3124 ) ) REPRESENTATION_CONTEXT ( 'NONE', 'WORKASPACE' ) );
#2141 =( NAMED_UNIT ( * ) PLANE_ANGLE_UNIT ( ) SI_UNIT ( $, .RADIAN. ) );
#2142 = MECHANICAL_DESIGN_GEOMETRIC_PRESENTATION_REPRESENTATION (  '', ( #1619 ), #23 ) ;
#2143 = PRESENTATION_STYLE_ASSIGNMENT (( #3196 ) ) ;
#2144 = FILL_AREA_STYLE_COLOUR ( '', #3096 ) ;
#2145 = ORIENTED_EDGE ( 'NONE', *, *, #2804, .T. ) ;
#2146 = FACE_OUTER_BOUND ( 'NONE', #3185, .T. ) ;
#2147 =( GEOMETRIC_REPRESENTATION_CONTEXT ( 3 ) GLOBAL_UNCERTAINTY_ASSIGNED_CONTEXT ( ( #3036 ) ) GLOBAL_UNIT_ASSIGNED_CONTEXT ( ( #2463, #1406, #313 ) ) REPRESENTATION_CONTEXT ( 'NONE', 'WORKASPACE' ) );
#2148 = COLOUR_RGB ( '',0.7529411764705882248, 0.7529411764705882248, 0.7529411764705882248 ) ;
#2149 = LINE ( 'NONE', #2186, #1227 ) ;
#2150 = DIMENSIONAL_EXPONENTS ( 1.000000000000000000, 0.0000000000000000000, 0.0000000000000000000, 0.0000000000000000000, 0.0000000000000000000, 0.0000000000000000000, 0.0000000000000000000 ) ;
#2151 = EDGE_LOOP ( 'NONE', ( #3070, #1103, #66, #1601 ) ) ;
#2152 =( NAMED_UNIT ( * ) PLANE_ANGLE_UNIT ( ) SI_UNIT ( $, .RADIAN. ) );
#2153 = DIRECTION ( 'NONE',  ( 0.0000000000000000000, 0.0000000000000000000, 1.000000000000000000 ) ) ;
#2154 = EDGE_CURVE ( 'NONE', #1617, #2234, #2012, .T. ) ;
#2155 = VECTOR ( 'NONE', #1768, 39.37007874015748143 ) ;
#2156 = VECTOR ( 'NONE', #1447, 39.37007874015748143 ) ;
#2157 = VERTEX_POINT ( 'NONE', #2208 ) ;
#2158 = CARTESIAN_POINT ( 'NONE',  ( 0.03899999999999996525, 0.3629999999999999893, 0.0000000000000000000 ) ) ;
#2159 = MECHANICAL_DESIGN_GEOMETRIC_PRESENTATION_REPRESENTATION (  '', ( #2757 ), #2590 ) ;
#2160 = CARTESIAN_POINT ( 'NONE',  ( 0.1389999999999999847, 0.3120252929932549324, 0.01082854240767729299 ) ) ;
#2161 = CARTESIAN_POINT ( 'NONE',  ( 0.1389999999999999847, 0.004114898152164160258, 0.01249712544460637904 ) ) ;
#2162 = EDGE_CURVE ( 'NONE', #186, #2741, #3060, .T. ) ;
#2163 = CIRCLE ( 'NONE', #2933, 0.02500000000000000139 ) ;
#2164 = EDGE_CURVE ( 'NONE', #1617, #818, #518, .T. ) ;
#2165 =( NAMED_UNIT ( * ) SI_UNIT ( $, .STERADIAN. ) SOLID_ANGLE_UNIT ( ) );
#2166 = DIMENSIONAL_EXPONENTS ( 1.000000000000000000, 0.0000000000000000000, 0.0000000000000000000, 0.0000000000000000000, 0.0000000000000000000, 0.0000000000000000000, 0.0000000000000000000 ) ;
#2167 = UNCERTAINTY_MEASURE_WITH_UNIT (LENGTH_MEASURE( 1.000000000000000082E-05 ), #2533, 'distance_accuracy_value', 'NONE');
#2168 = VERTEX_POINT ( 'NONE', #1178 ) ;
#2169 =( CONVERSION_BASED_UNIT ( 'INCH', #3284 ) LENGTH_UNIT ( ) NAMED_UNIT ( #1582 ) );
#2170 = PLANE ( 'NONE',  #2792 ) ;
#2171 = PLANE ( 'NONE',  #3330 ) ;
#2172 = EDGE_LOOP ( 'NONE', ( #1289, #546, #1793, #1429 ) ) ;
#2173 = DIRECTION ( 'NONE',  ( 0.0000000000000000000, 0.1668583036929084384, -0.9859808854580930371 ) ) ;
#2174 = SURFACE_SIDE_STYLE ('',( #2459 ) ) ;
#2175 = ORIENTED_EDGE ( 'NONE', *, *, #2469, .T. ) ;
#2176 =( CONVERSION_BASED_UNIT ( 'INCH', #1352 ) LENGTH_UNIT ( ) NAMED_UNIT ( #63 ) );
#2177 = CARTESIAN_POINT ( 'NONE',  ( 0.09199999999999997069, 0.02567481512970726590, 0.05500000000000004191 ) ) ;
#2178 = CARTESIAN_POINT ( 'NONE',  ( 0.1389999999999999847, 0.04068676312918555193, 6.552215825454387752E-19 ) ) ;
#2179 = DIMENSIONAL_EXPONENTS ( 1.000000000000000000, 0.0000000000000000000, 0.0000000000000000000, 0.0000000000000000000, 0.0000000000000000000, 0.0000000000000000000, 0.0000000000000000000 ) ;
#2180 = EDGE_CURVE ( 'NONE', #2998, #1467, #674, .T. ) ;
#2181 = LINE ( 'NONE', #1974, #2974 ) ;
#2182 = VERTEX_POINT ( 'NONE', #2768 ) ;
#2183 =( NAMED_UNIT ( * ) PLANE_ANGLE_UNIT ( ) SI_UNIT ( $, .RADIAN. ) );
#2184 = DIRECTION ( 'NONE',  ( 0.0000000000000000000, -0.08715574274766557661, 0.9961946980917448791 ) ) ;
#2185 = PRESENTATION_STYLE_ASSIGNMENT (( #677 ) ) ;
#2186 = CARTESIAN_POINT ( 'NONE',  ( 0.1389999999999999847, 0.02567481512970726590, 0.05500000000000004191 ) ) ;
#2187 = STYLED_ITEM ( 'NONE', ( #2369 ), #3088 ) ;
#2188 = DIMENSIONAL_EXPONENTS ( 1.000000000000000000, 0.0000000000000000000, 0.0000000000000000000, 0.0000000000000000000, 0.0000000000000000000, 0.0000000000000000000, 0.0000000000000000000 ) ;
#2189 = ORIENTED_EDGE ( 'NONE', *, *, #2010, .T. ) ;
#2190 = FILL_AREA_STYLE ('',( #1140 ) ) ;
#2191 =( NAMED_UNIT ( * ) PLANE_ANGLE_UNIT ( ) SI_UNIT ( $, .RADIAN. ) );
#2192 = FILL_AREA_STYLE ('',( #2635 ) ) ;
#2193 = ORIENTED_EDGE ( 'NONE', *, *, #1147, .F. ) ;
#2194 = DIRECTION ( 'NONE',  ( 0.0000000000000000000, 0.0000000000000000000, -1.000000000000000000 ) ) ;
#2195 = CARTESIAN_POINT ( 'NONE',  ( 0.03899999999999996525, -0.01067481512970724737, 0.0000000000000000000 ) ) ;
#2196 = PRESENTATION_LAYER_ASSIGNMENT (  '', '', ( #893 ) ) ;
#2197 = VECTOR ( 'NONE', #347, 39.37007874015748143 ) ;
#2198 =( NAMED_UNIT ( * ) PLANE_ANGLE_UNIT ( ) SI_UNIT ( $, .RADIAN. ) );
#2199 = LINE ( 'NONE', #1959, #724 ) ;
#2200 =( GEOMETRIC_REPRESENTATION_CONTEXT ( 3 ) GLOBAL_UNCERTAINTY_ASSIGNED_CONTEXT ( ( #1982 ) ) GLOBAL_UNIT_ASSIGNED_CONTEXT ( ( #285, #3215, #2926 ) ) REPRESENTATION_CONTEXT ( 'NONE', 'WORKASPACE' ) );
#2201 = ADVANCED_FACE ( 'NONE', ( #2499 ), #423, .T. ) ;
#2202 = VECTOR ( 'NONE', #1198, 39.37007874015748143 ) ;
#2203 = UNCERTAINTY_MEASURE_WITH_UNIT (LENGTH_MEASURE( 1.000000000000000082E-05 ), #633, 'distance_accuracy_value', 'NONE');
#2204 = VERTEX_POINT ( 'NONE', #750 ) ;
#2205 = CYLINDRICAL_SURFACE ( 'NONE', #1220, 0.01499999999999999944 ) ;
#2206 = CARTESIAN_POINT ( 'NONE',  ( 0.03899999999999996525, 0.02567481512970725202, 0.05500000000000004191 ) ) ;
#2207 = LENGTH_MEASURE_WITH_UNIT ( LENGTH_MEASURE( 0.02539999999999999897 ), #1418 );
#2208 = CARTESIAN_POINT ( 'NONE',  ( 0.09199999999999997069, 0.2901251133647407277, 0.05500000000000004191 ) ) ;
#2209 = AXIS2_PLACEMENT_3D ( 'NONE', #1240, #218, #161 ) ;
#2210 = EDGE_CURVE ( 'NONE', #3363, #3235, #1563, .T. ) ;
#2211 = VERTEX_POINT ( 'NONE', #2304 ) ;
#2212 = SURFACE_STYLE_USAGE ( .BOTH. , #1763 ) ;
#2213 = FACE_OUTER_BOUND ( 'NONE', #2980, .T. ) ;
#2214 = CARTESIAN_POINT ( 'NONE',  ( 0.03899999999999996525, -0.03699999999999997735, -0.01000000000000000021 ) ) ;
#2215 = DIRECTION ( 'NONE',  ( 0.0000000000000000000, 0.1668583036929084384, -0.9859808854580930371 ) ) ;
#2216 = ORIENTED_EDGE ( 'NONE', *, *, #2822, .T. ) ;
#2217 =( LENGTH_UNIT ( ) NAMED_UNIT ( * ) SI_UNIT ( $, .METRE. ) );
#2218 = CARTESIAN_POINT ( 'NONE',  ( -0.008000000000000036596, 0.01088510184783586174, 0.05250287455539368042 ) ) ;
#2219 = PRESENTATION_STYLE_ASSIGNMENT (( #344 ) ) ;
#2220 = MECHANICAL_DESIGN_GEOMETRIC_PRESENTATION_REPRESENTATION (  '', ( #626 ), #1631 ) ;
#2221 = STYLED_ITEM ( 'NONE', ( #2082 ), #1945 ) ;
#2222 = EDGE_LOOP ( 'NONE', ( #1000, #1550, #823, #2567, #1325, #1812, #896, #3384, #2855, #2758, #1745, #1767 ) ) ;
#2223 = DIRECTION ( 'NONE',  ( 1.167171384011831108E-16, -1.000000000000000000, 0.0000000000000000000 ) ) ;
#2224 = ORIENTED_EDGE ( 'NONE', *, *, #1500, .F. ) ;
#2225 = CARTESIAN_POINT ( 'NONE',  ( 0.1559999999999999998, 0.04068676312918555193, 0.1380000000000000115 ) ) ;
#2226 = FILL_AREA_STYLE_COLOUR ( '', #1373 ) ;
#2227 = EDGE_CURVE ( 'NONE', #140, #2097, #233, .T. ) ;
#2228 = ORIENTED_EDGE ( 'NONE', *, *, #2385, .T. ) ;
#2229 = CARTESIAN_POINT ( 'NONE',  ( 0.1389999999999999847, 0.3003251848702927496, 0.05500000000000004191 ) ) ;
#2230 = CARTESIAN_POINT ( 'NONE',  ( 0.1389999999999999847, 0.01088510184783587041, 0.05250287455539367348 ) ) ;
#2231 = PLANE ( 'NONE',  #682 ) ;
#2232 = MECHANICAL_DESIGN_GEOMETRIC_PRESENTATION_REPRESENTATION (  '', ( #1911 ), #419 ) ;
#2233 =( GEOMETRIC_REPRESENTATION_CONTEXT ( 3 ) GLOBAL_UNCERTAINTY_ASSIGNED_CONTEXT ( ( #2130 ) ) GLOBAL_UNIT_ASSIGNED_CONTEXT ( ( #877, #2962, #3167 ) ) REPRESENTATION_CONTEXT ( 'NONE', 'WORKASPACE' ) );
#2234 = VERTEX_POINT ( 'NONE', #3143 ) ;
#2235 = FACE_OUTER_BOUND ( 'NONE', #927, .T. ) ;
#2236 = EDGE_LOOP ( 'NONE', ( #2506, #2343, #431, #3344 ) ) ;
#2237 = LENGTH_MEASURE_WITH_UNIT ( LENGTH_MEASURE( 0.02539999999999999897 ), #3019 );
#2238 = UNCERTAINTY_MEASURE_WITH_UNIT (LENGTH_MEASURE( 1.000000000000000082E-05 ), #815, 'distance_accuracy_value', 'NONE');
#2239 = VERTEX_POINT ( 'NONE', #2589 ) ;
#2240 = AXIS2_PLACEMENT_3D ( 'NONE', #3044, #924, #1966 ) ;
#2241 = DIRECTION ( 'NONE',  ( 0.0000000000000000000, 0.1668583036929084107, -0.9859808854580930371 ) ) ;
#2242 = DIRECTION ( 'NONE',  ( -1.000000000000000000, -0.0000000000000000000, -0.0000000000000000000 ) ) ;
#2243 =( NAMED_UNIT ( * ) PLANE_ANGLE_UNIT ( ) SI_UNIT ( $, .RADIAN. ) );
#2244 = DIRECTION ( 'NONE',  ( -1.000000000000000000, 0.0000000000000000000, -0.0000000000000000000 ) ) ;
#2245 = EDGE_CURVE ( 'NONE', #1532, #3171, #1243, .T. ) ;
#2246 = LENGTH_MEASURE_WITH_UNIT ( LENGTH_MEASURE( 0.02539999999999999897 ), #1232 );
#2247 =( CONVERSION_BASED_UNIT ( 'INCH', #1736 ) LENGTH_UNIT ( ) NAMED_UNIT ( #3111 ) );
#2248 = SURFACE_STYLE_USAGE ( .BOTH. , #171 ) ;
#2249 = SURFACE_STYLE_FILL_AREA ( #430 ) ;
#2250 = ADVANCED_FACE ( 'NONE', ( #266 ), #488, .F. ) ;
#2251 = ORIENTED_EDGE ( 'NONE', *, *, #920, .T. ) ;
#2252 = SURFACE_STYLE_USAGE ( .BOTH. , #1972 ) ;
#2253 = DIRECTION ( 'NONE',  ( -1.000000000000000000, 0.0000000000000000000, -0.0000000000000000000 ) ) ;
#2254 = DIRECTION ( 'NONE',  ( 0.0000000000000000000, -1.792775245842172503E-15, -1.000000000000000000 ) ) ;
#2255 = STYLED_ITEM ( 'NONE', ( #2279 ), #2848 ) ;
#2256 = VERTEX_POINT ( 'NONE', #527 ) ;
#2257 = LENGTH_MEASURE_WITH_UNIT ( LENGTH_MEASURE( 0.02539999999999999897 ), #178 );
#2258 = PRESENTATION_STYLE_ASSIGNMENT (( #3272 ) ) ;
#2259 = STYLED_ITEM ( 'NONE', ( #987 ), #1132 ) ;
#2260 = CARTESIAN_POINT ( 'NONE',  ( 0.09199999999999997069, -0.01067481512970723523, 0.01500000000000000465 ) ) ;
#2261 = SURFACE_STYLE_USAGE ( .BOTH. , #197 ) ;
#2262 =( NAMED_UNIT ( * ) PLANE_ANGLE_UNIT ( ) SI_UNIT ( $, .RADIAN. ) );
#2263 = EDGE_CURVE ( 'NONE', #1916, #372, #1309, .T. ) ;
#2264 = FACE_OUTER_BOUND ( 'NONE', #959, .T. ) ;
#2265 = FACE_OUTER_BOUND ( 'NONE', #1527, .T. ) ;
#2266 = VECTOR ( 'NONE', #378, 39.37007874015748143 ) ;
#2267 = MECHANICAL_DESIGN_GEOMETRIC_PRESENTATION_REPRESENTATION (  '', ( #1505 ), #786 ) ;
#2268 = MECHANICAL_DESIGN_GEOMETRIC_PRESENTATION_REPRESENTATION (  '', ( #2922 ), #791 ) ;
#2269 = VECTOR ( 'NONE', #3358, 39.37007874015748143 ) ;
#2270 = EDGE_LOOP ( 'NONE', ( #503, #2731, #3375, #394 ) ) ;
#2271 = EDGE_CURVE ( 'NONE', #2168, #1129, #15, .T. ) ;
#2272 = PRESENTATION_LAYER_ASSIGNMENT (  '', '', ( #2808 ) ) ;
#2273 = VECTOR ( 'NONE', #3240, 39.37007874015748143 ) ;
#2274 = PRESENTATION_LAYER_ASSIGNMENT (  '', '', ( #2221 ) ) ;
#2275 = ORIENTED_EDGE ( 'NONE', *, *, #2058, .F. ) ;
#2276 = CARTESIAN_POINT ( 'NONE',  ( -0.008000000000000036596, -0.01067481512970724737, 0.01500000000000000465 ) ) ;
#2277 = COLOUR_RGB ( '',0.7529411764705882248, 0.7529411764705882248, 0.7529411764705882248 ) ;
#2278 = AXIS2_PLACEMENT_3D ( 'NONE', #770, #1832, #2628 ) ;
#2279 = PRESENTATION_STYLE_ASSIGNMENT (( #1224 ) ) ;
#2280 = FILL_AREA_STYLE ('',( #2226 ) ) ;
#2281 = SURFACE_STYLE_FILL_AREA ( #922 ) ;
#2282 =( CONVERSION_BASED_UNIT ( 'INCH', #1764 ) LENGTH_UNIT ( ) NAMED_UNIT ( #1718 ) );
#2283 = LINE ( 'NONE', #3014, #187 ) ;
#2284 = EDGE_LOOP ( 'NONE', ( #2427, #2073, #2494, #1975 ) ) ;
#2285 = ORIENTED_EDGE ( 'NONE', *, *, #78, .T. ) ;
#2286 = PLANE ( 'NONE',  #3161 ) ;
#2287 = SURFACE_SIDE_STYLE ('',( #1236 ) ) ;
#2288 = ADVANCED_FACE ( 'NONE', ( #711 ), #1777, .T. ) ;
#2289 = ORIENTED_EDGE ( 'NONE', *, *, #2154, .F. ) ;
#2290 =( LENGTH_UNIT ( ) NAMED_UNIT ( * ) SI_UNIT ( $, .METRE. ) );
#2291 = PRESENTATION_STYLE_ASSIGNMENT (( #2052 ) ) ;
#2292 = FACE_OUTER_BOUND ( 'NONE', #2790, .T. ) ;
#2293 = DIRECTION ( 'NONE',  ( 0.0000000000000000000, -0.1668583036929084107, 0.9859808854580930371 ) ) ;
#2294 = SURFACE_STYLE_FILL_AREA ( #1548 ) ;
#2295 =( NAMED_UNIT ( * ) PLANE_ANGLE_UNIT ( ) SI_UNIT ( $, .RADIAN. ) );
#2296 =( NAMED_UNIT ( * ) PLANE_ANGLE_UNIT ( ) SI_UNIT ( $, .RADIAN. ) );
#2297 = ORIENTED_EDGE ( 'NONE', *, *, #2332, .T. ) ;
#2298 = CARTESIAN_POINT ( 'NONE',  ( -0.008000000000000036596, 0.3003251848702927496, 0.05500000000000004191 ) ) ;
#2299 =( LENGTH_UNIT ( ) NAMED_UNIT ( * ) SI_UNIT ( $, .METRE. ) );
#2300 = ORIENTED_EDGE ( 'NONE', *, *, #954, .F. ) ;
#2301 = DIRECTION ( 'NONE',  ( 1.000000000000000000, 1.167171384011831108E-16, -0.0000000000000000000 ) ) ;
#2302 = EDGE_CURVE ( 'NONE', #1772, #1456, #1357, .T. ) ;
#2303 =( CONVERSION_BASED_UNIT ( 'INCH', #1776 ) LENGTH_UNIT ( ) NAMED_UNIT ( #1686 ) );
#2304 = CARTESIAN_POINT ( 'NONE',  ( -0.02500000000000000486, 0.03500000000000000333, 0.07299999999999996769 ) ) ;
#2305 =( GEOMETRIC_REPRESENTATION_CONTEXT ( 3 ) GLOBAL_UNCERTAINTY_ASSIGNED_CONTEXT ( ( #589 ) ) GLOBAL_UNIT_ASSIGNED_CONTEXT ( ( #281, #300, #1356 ) ) REPRESENTATION_CONTEXT ( 'NONE', 'WORKASPACE' ) );
#2306 = CARTESIAN_POINT ( 'NONE',  ( 0.1559999999999999998, 0.03500000000000002415, 0.06500000000000004385 ) ) ;
#2307 = ADVANCED_FACE ( 'NONE', ( #1131 ), #302, .T. ) ;
#2308 = AXIS2_PLACEMENT_3D ( 'NONE', #2496, #676, #1962 ) ;
#2309 = AXIS2_PLACEMENT_3D ( 'NONE', #2029, #459, #514 ) ;
#2310 =( NAMED_UNIT ( * ) PLANE_ANGLE_UNIT ( ) SI_UNIT ( $, .RADIAN. ) );
#2311 =( GEOMETRIC_REPRESENTATION_CONTEXT ( 3 ) GLOBAL_UNCERTAINTY_ASSIGNED_CONTEXT ( ( #2516 ) ) GLOBAL_UNIT_ASSIGNED_CONTEXT ( ( #215, #627, #1802 ) ) REPRESENTATION_CONTEXT ( 'NONE', 'WORKASPACE' ) );
#2312 = LINE ( 'NONE', #3115, #1063 ) ;
#2313 = LENGTH_MEASURE_WITH_UNIT ( LENGTH_MEASURE( 0.02539999999999999897 ), #1866 );
#2314 =( GEOMETRIC_REPRESENTATION_CONTEXT ( 3 ) GLOBAL_UNCERTAINTY_ASSIGNED_CONTEXT ( ( #1672 ) ) GLOBAL_UNIT_ASSIGNED_CONTEXT ( ( #2982, #2183, #400 ) ) REPRESENTATION_CONTEXT ( 'NONE', 'WORKASPACE' ) );
#2315 = ORIENTED_EDGE ( 'NONE', *, *, #2354, .T. ) ;
#2316 = DIRECTION ( 'NONE',  ( 0.0000000000000000000, 0.0000000000000000000, -1.000000000000000000 ) ) ;
#2317 = PRESENTATION_LAYER_ASSIGNMENT (  '', '', ( #1505 ) ) ;
#2318 =( LENGTH_UNIT ( ) NAMED_UNIT ( * ) SI_UNIT ( $, .METRE. ) );
#2319 = VECTOR ( 'NONE', #2035, 39.37007874015748854 ) ;
#2320 = ORIENTED_EDGE ( 'NONE', *, *, #1765, .T. ) ;
#2321 = VERTEX_POINT ( 'NONE', #542 ) ;
#2322 = CIRCLE ( 'NONE', #1687, 0.01499999999999999771 ) ;
#2323 = FILL_AREA_STYLE ('',( #726 ) ) ;
#2324 = PRESENTATION_LAYER_ASSIGNMENT (  '', '', ( #1333 ) ) ;
#2325 =( GEOMETRIC_REPRESENTATION_CONTEXT ( 3 ) GLOBAL_UNCERTAINTY_ASSIGNED_CONTEXT ( ( #2709 ) ) GLOBAL_UNIT_ASSIGNED_CONTEXT ( ( #2247, #3016, #3305 ) ) REPRESENTATION_CONTEXT ( 'NONE', 'WORKASPACE' ) );
#2326 = AXIS2_PLACEMENT_3D ( 'NONE', #1552, #1286, #3134 ) ;
#2327 = CIRCLE ( 'NONE', #968, 0.004999999999999997502 ) ;
#2328 = DIRECTION ( 'NONE',  ( -1.000000000000000000, -0.0000000000000000000, -0.0000000000000000000 ) ) ;
#2329 = SURFACE_SIDE_STYLE ('',( #3090 ) ) ;
#2330 = SURFACE_SIDE_STYLE ('',( #475 ) ) ;
#2331 = MECHANICAL_DESIGN_GEOMETRIC_PRESENTATION_REPRESENTATION (  '', ( #3220 ), #1011 ) ;
#2332 = EDGE_CURVE ( 'NONE', #3084, #2805, #3228, .T. ) ;
#2333 = FACE_OUTER_BOUND ( 'NONE', #2387, .T. ) ;
#2334 = ORIENTED_EDGE ( 'NONE', *, *, #1878, .T. ) ;
#2335 = CARTESIAN_POINT ( 'NONE',  ( 0.1389999999999999847, -0.03699999999999996347, -0.01000000000000000021 ) ) ;
#2336 = ORIENTED_EDGE ( 'NONE', *, *, #1673, .T. ) ;
#2337 = CARTESIAN_POINT ( 'NONE',  ( 0.1389999999999999847, 0.01088510184783587041, 0.05250287455539367348 ) ) ;
#2338 = LINE ( 'NONE', #276, #780 ) ;
#2339 = SURFACE_STYLE_USAGE ( .BOTH. , #3378 ) ;
#2340 = VERTEX_POINT ( 'NONE', #1859 ) ;
#2341 = CIRCLE ( 'NONE', #1474, 0.01499999999999999944 ) ;
#2342 = SURFACE_SIDE_STYLE ('',( #2128 ) ) ;
#2343 = ORIENTED_EDGE ( 'NONE', *, *, #3367, .F. ) ;
#2344 = CARTESIAN_POINT ( 'NONE',  ( -0.008000000000000036596, 0.3151148981521642023, 0.05250287455539368042 ) ) ;
#2345 = DIRECTION ( 'NONE',  ( 0.0000000000000000000, -0.1668583036929084107, -0.9859808854580930371 ) ) ;
#2346 = FILL_AREA_STYLE ('',( #1547 ) ) ;
#2347 = LENGTH_MEASURE_WITH_UNIT ( LENGTH_MEASURE( 0.02539999999999999897 ), #3146 );
#2348 = CARTESIAN_POINT ( 'NONE',  ( 0.004682509528572100649, 0.05562821319943792725, 0.1330000000000160776 ) ) ;
#2349 = ORIENTED_EDGE ( 'NONE', *, *, #2162, .T. ) ;
#2350 = EDGE_CURVE ( 'NONE', #800, #1293, #2088, .T. ) ;
#2351 = SURFACE_STYLE_USAGE ( .BOTH. , #570 ) ;
#2352 = SURFACE_STYLE_FILL_AREA ( #798 ) ;
#2353 = DIMENSIONAL_EXPONENTS ( 1.000000000000000000, 0.0000000000000000000, 0.0000000000000000000, 0.0000000000000000000, 0.0000000000000000000, 0.0000000000000000000, 0.0000000000000000000 ) ;
#2354 = EDGE_CURVE ( 'NONE', #493, #3235, #2884, .T. ) ;
#2355 =( CONVERSION_BASED_UNIT ( 'INCH', #3159 ) LENGTH_UNIT ( ) NAMED_UNIT ( #1075 ) );
#2356 = LENGTH_MEASURE_WITH_UNIT ( LENGTH_MEASURE( 0.02539999999999999897 ), #219 );
#2357 = DIRECTION ( 'NONE',  ( -0.08715574274766506313, 0.0000000000000000000, -0.9961946980917448791 ) ) ;
#2358 =( LENGTH_UNIT ( ) NAMED_UNIT ( * ) SI_UNIT ( $, .METRE. ) );
#2359 = DIMENSIONAL_EXPONENTS ( 1.000000000000000000, 0.0000000000000000000, 0.0000000000000000000, 0.0000000000000000000, 0.0000000000000000000, 0.0000000000000000000, 0.0000000000000000000 ) ;
#2360 = COLOUR_RGB ( '',0.7529411764705882248, 0.7529411764705882248, 0.7529411764705882248 ) ;
#2361 = VERTEX_POINT ( 'NONE', #1873 ) ;
#2362 = COLOUR_RGB ( '',0.7529411764705882248, 0.7529411764705882248, 0.7529411764705882248 ) ;
#2363 = LENGTH_MEASURE_WITH_UNIT ( LENGTH_MEASURE( 0.02539999999999999897 ), #155 );
#2364 = CARTESIAN_POINT ( 'NONE',  ( 0.1489915753773504437, 0.2839915753773504248, -0.01510665999683881607 ) ) ;
#2365 = VECTOR ( 'NONE', #979, 39.37007874015748143 ) ;
#2366 = EDGE_CURVE ( 'NONE', #2725, #2502, #817, .T. ) ;
#2367 = VECTOR ( 'NONE', #1065, 39.37007874015748143 ) ;
#2368 = CARTESIAN_POINT ( 'NONE',  ( 0.03899999999999996525, 0.02567481512970725202, 0.05500000000000004191 ) ) ;
#2369 = PRESENTATION_STYLE_ASSIGNMENT (( #3139 ) ) ;
#2370 =( LENGTH_UNIT ( ) NAMED_UNIT ( * ) SI_UNIT ( $, .METRE. ) );
#2371 = SURFACE_SIDE_STYLE ('',( #1321 ) ) ;
#2372 = DIRECTION ( 'NONE',  ( 0.0000000000000000000, 0.0000000000000000000, -1.000000000000000000 ) ) ;
#2373 = FILL_AREA_STYLE_COLOUR ( '', #1471 ) ;
#2374 = CARTESIAN_POINT ( 'NONE',  ( 0.1559999999999999998, 0.03500000000000002415, 0.06500000000000004385 ) ) ;
#2375 = UNCERTAINTY_MEASURE_WITH_UNIT (LENGTH_MEASURE( 1.000000000000000082E-05 ), #1250, 'distance_accuracy_value', 'NONE');
#2376 =( GEOMETRIC_REPRESENTATION_CONTEXT ( 3 ) GLOBAL_UNCERTAINTY_ASSIGNED_CONTEXT ( ( #1346 ) ) GLOBAL_UNIT_ASSIGNED_CONTEXT ( ( #2176, #79, #324 ) ) REPRESENTATION_CONTEXT ( 'NONE', 'WORKASPACE' ) );
#2377 = ORIENTED_EDGE ( 'NONE', *, *, #2263, .F. ) ;
#2378 = VECTOR ( 'NONE', #2424, 39.37007874015748143 ) ;
#2379 = PLANE ( 'NONE',  #3119 ) ;
#2380 = DIRECTION ( 'NONE',  ( -0.08715574274766525742, 0.0000000000000000000, -0.9961946980917448791 ) ) ;
#2381 = SURFACE_STYLE_USAGE ( .BOTH. , #113 ) ;
#2382 = DIRECTION ( 'NONE',  ( 0.0000000000000000000, 0.0000000000000000000, 1.000000000000000000 ) ) ;
#2383 = CYLINDRICAL_SURFACE ( 'NONE', #1090, 0.004999999999999997502 ) ;
#2384 = DIRECTION ( 'NONE',  ( 0.0000000000000000000, -0.9859808854580930371, -0.1668583036929084384 ) ) ;
#2385 = EDGE_CURVE ( 'NONE', #2587, #3099, #561, .T. ) ;
#2386 = VECTOR ( 'NONE', #1245, 39.37007874015748143 ) ;
#2387 = EDGE_LOOP ( 'NONE', ( #2297, #1439, #2103, #2599 ) ) ;
#2388 = DIRECTION ( 'NONE',  ( -0.08682659386425460590, 0.08682659386425491121, -0.9924325091389657461 ) ) ;
#2389 = PLANE ( 'NONE',  #1755 ) ;
#2390 = DIRECTION ( 'NONE',  ( -0.0000000000000000000, -0.08715574274766532681, 0.9961946980917448791 ) ) ;
#2391 = DIMENSIONAL_EXPONENTS ( 1.000000000000000000, 0.0000000000000000000, 0.0000000000000000000, 0.0000000000000000000, 0.0000000000000000000, 0.0000000000000000000, 0.0000000000000000000 ) ;
#2392 = ORIENTED_EDGE ( 'NONE', *, *, #2245, .T. ) ;
#2393 = FACE_OUTER_BOUND ( 'NONE', #1820, .T. ) ;
#2394 = DIRECTION ( 'NONE',  ( -0.0000000000000000000, -0.08715574274766532681, 0.9961946980917448791 ) ) ;
#2395 =( LENGTH_UNIT ( ) NAMED_UNIT ( * ) SI_UNIT ( $, .METRE. ) );
#2396 = ORIENTED_EDGE ( 'NONE', *, *, #2658, .F. ) ;
#2397 = FILL_AREA_STYLE_COLOUR ( '', #1060 ) ;
#2398 = CARTESIAN_POINT ( 'NONE',  ( 0.09199999999999997069, 0.3120252929932549324, 0.01082854240767729299 ) ) ;
#2399 = SURFACE_STYLE_USAGE ( .BOTH. , #1660 ) ;
#2400 = SURFACE_SIDE_STYLE ('',( #2637 ) ) ;
#2401 = CARTESIAN_POINT ( 'NONE',  ( 0.1503132368708144651, 0.03499999999999998251, 0.1380000000000000115 ) ) ;
#2402 = EDGE_CURVE ( 'NONE', #1964, #890, #2702, .T. ) ;
#2403 = DIRECTION ( 'NONE',  ( -0.0000000000000000000, 1.000000000000000000, -0.0000000000000000000 ) ) ;
#2404 = DIRECTION ( 'NONE',  ( -1.333910153156378409E-16, -1.000000000000000000, 0.0000000000000000000 ) ) ;
#2405 = ORIENTED_EDGE ( 'NONE', *, *, #3289, .T. ) ;
#2406 = LINE ( 'NONE', #864, #153 ) ;
#2407 = EDGE_CURVE ( 'NONE', #1964, #944, #2199, .T. ) ;
#2408 = PRESENTATION_LAYER_ASSIGNMENT (  '', '', ( #2085 ) ) ;
#2409 = LINE ( 'NONE', #1335, #2606 ) ;
#2410 = ORIENTED_EDGE ( 'NONE', *, *, #1343, .F. ) ;
#2411 = LINE ( 'NONE', #2951, #2266 ) ;
#2412 = MECHANICAL_DESIGN_GEOMETRIC_PRESENTATION_REPRESENTATION (  '', ( #230 ), #1833 ) ;
#2413 = MECHANICAL_DESIGN_GEOMETRIC_PRESENTATION_REPRESENTATION (  '', ( #506 ), #3373 ) ;
#2414 =( GEOMETRIC_REPRESENTATION_CONTEXT ( 3 ) GLOBAL_UNCERTAINTY_ASSIGNED_CONTEXT ( ( #57 ) ) GLOBAL_UNIT_ASSIGNED_CONTEXT ( ( #3362, #3335, #984 ) ) REPRESENTATION_CONTEXT ( 'NONE', 'WORKASPACE' ) );
#2415 = ORIENTED_EDGE ( 'NONE', *, *, #985, .F. ) ;
#2416 = FILL_AREA_STYLE_COLOUR ( '', #2091 ) ;
#2417 = COLOUR_RGB ( '',0.7529411764705882248, 0.7529411764705882248, 0.7529411764705882248 ) ;
#2418 = CARTESIAN_POINT ( 'NONE',  ( 0.03899999999999996525, 0.03587488663525932597, 0.05500000000000004191 ) ) ;
#2419 = SURFACE_STYLE_USAGE ( .BOTH. , #2662 ) ;
#2420 = MECHANICAL_DESIGN_GEOMETRIC_PRESENTATION_REPRESENTATION (  '', ( #2636 ), #906 ) ;
#2421 = SURFACE_STYLE_USAGE ( .BOTH. , #594 ) ;
#2422 = COLOUR_RGB ( '',0.7529411764705882248, 0.7529411764705882248, 0.7529411764705882248 ) ;
#2423 = EDGE_LOOP ( 'NONE', ( #2517, #1424, #1758, #1979 ) ) ;
#2424 = DIRECTION ( 'NONE',  ( 0.0000000000000000000, 0.0000000000000000000, 1.000000000000000000 ) ) ;
#2425 =( GEOMETRIC_REPRESENTATION_CONTEXT ( 3 ) GLOBAL_UNCERTAINTY_ASSIGNED_CONTEXT ( ( #662 ) ) GLOBAL_UNIT_ASSIGNED_CONTEXT ( ( #797, #1580, #2077 ) ) REPRESENTATION_CONTEXT ( 'NONE', 'WORKASPACE' ) );
#2426 = ADVANCED_FACE ( 'NONE', ( #2452 ), #383, .T. ) ;
#2427 = ORIENTED_EDGE ( 'NONE', *, *, #231, .F. ) ;
#2428 = PLANE ( 'NONE',  #850 ) ;
#2429 =( GEOMETRIC_REPRESENTATION_CONTEXT ( 3 ) GLOBAL_UNCERTAINTY_ASSIGNED_CONTEXT ( ( #1493 ) ) GLOBAL_UNIT_ASSIGNED_CONTEXT ( ( #240, #1606, #1799 ) ) REPRESENTATION_CONTEXT ( 'NONE', 'WORKASPACE' ) );
#2430 =( LENGTH_UNIT ( ) NAMED_UNIT ( * ) SI_UNIT ( $, .METRE. ) );
#2431 = EDGE_LOOP ( 'NONE', ( #316, #2031, #485, #1017 ) ) ;
#2432 = FACE_OUTER_BOUND ( 'NONE', #418, .T. ) ;
#2433 = ORIENTED_EDGE ( 'NONE', *, *, #534, .T. ) ;
#2434 = CARTESIAN_POINT ( 'NONE',  ( 0.1389999999999999847, 0.3366748151297072056, 0.01500000000000000465 ) ) ;
#2435 = FILL_AREA_STYLE_COLOUR ( '', #2737 ) ;
#2436 =( NAMED_UNIT ( * ) SI_UNIT ( $, .STERADIAN. ) SOLID_ANGLE_UNIT ( ) );
#2437 = UNCERTAINTY_MEASURE_WITH_UNIT (LENGTH_MEASURE( 1.000000000000000082E-05 ), #2777, 'distance_accuracy_value', 'NONE');
#2438 = VECTOR ( 'NONE', #210, 39.37007874015748143 ) ;
#2439 = EDGE_LOOP ( 'NONE', ( #1318, #2799, #1163, #1593 ) ) ;
#2440 = STYLED_ITEM ( 'NONE', ( #311 ), #2569 ) ;
#2441 = DIRECTION ( 'NONE',  ( 1.000000000000000000, 0.0000000000000000000, 0.0000000000000000000 ) ) ;
#2442 = PRESENTATION_STYLE_ASSIGNMENT (( #1421 ) ) ;
#2443 = CARTESIAN_POINT ( 'NONE',  ( 0.03899999999999996525, 0.3003251848702927496, 0.06500000000000004385 ) ) ;
#2444 = SURFACE_STYLE_USAGE ( .BOTH. , #566 ) ;
#2445 = ORIENTED_EDGE ( 'NONE', *, *, #2657, .F. ) ;
#2446 = EDGE_CURVE ( 'NONE', #2750, #1964, #1442, .T. ) ;
#2447 = DIMENSIONAL_EXPONENTS ( 1.000000000000000000, 0.0000000000000000000, 0.0000000000000000000, 0.0000000000000000000, 0.0000000000000000000, 0.0000000000000000000, 0.0000000000000000000 ) ;
#2448 = CARTESIAN_POINT ( 'NONE',  ( -0.008000000000000036596, 0.02567481512970725202, 0.06500000000000004385 ) ) ;
#2449 = VERTEX_POINT ( 'NONE', #947 ) ;
#2450 = LENGTH_MEASURE_WITH_UNIT ( LENGTH_MEASURE( 0.02539999999999999897 ), #2976 );
#2451 = FILL_AREA_STYLE ('',( #1412 ) ) ;
#2452 = FACE_OUTER_BOUND ( 'NONE', #2668, .T. ) ;
#2453 = EDGE_CURVE ( 'NONE', #397, #708, #671, .T. ) ;
#2454 = ORIENTED_EDGE ( 'NONE', *, *, #1785, .F. ) ;
#2455 = DIRECTION ( 'NONE',  ( 0.0000000000000000000, 0.0000000000000000000, -1.000000000000000000 ) ) ;
#2456 = DIRECTION ( 'NONE',  ( 0.0000000000000000000, 0.0000000000000000000, -1.000000000000000000 ) ) ;
#2457 = ORIENTED_EDGE ( 'NONE', *, *, #985, .T. ) ;
#2458 =( CONVERSION_BASED_UNIT ( 'INCH', #964 ) LENGTH_UNIT ( ) NAMED_UNIT ( #1037 ) );
#2459 = SURFACE_STYLE_FILL_AREA ( #1141 ) ;
#2460 = PLANE ( 'NONE',  #2240 ) ;
#2461 = EDGE_LOOP ( 'NONE', ( #1641, #3067, #1302, #1415, #2485, #2175, #206, #2674, #1943, #1370, #2127, #3005 ) ) ;
#2462 = SURFACE_STYLE_USAGE ( .BOTH. , #3342 ) ;
#2463 =( CONVERSION_BASED_UNIT ( 'INCH', #1387 ) LENGTH_UNIT ( ) NAMED_UNIT ( #2988 ) );
#2464 = CARTESIAN_POINT ( 'NONE',  ( 0.03899999999999996525, 0.3052550892975832153, 0.05083429151846459437 ) ) ;
#2465 =( GEOMETRIC_REPRESENTATION_CONTEXT ( 3 ) GLOBAL_UNCERTAINTY_ASSIGNED_CONTEXT ( ( #1455 ) ) GLOBAL_UNIT_ASSIGNED_CONTEXT ( ( #175, #1742, #416 ) ) REPRESENTATION_CONTEXT ( 'NONE', 'WORKASPACE' ) );
#2466 = VERTEX_POINT ( 'NONE', #3282 ) ;
#2467 = SURFACE_STYLE_FILL_AREA ( #2451 ) ;
#2468 = CARTESIAN_POINT ( 'NONE',  ( 0.09199999999999997069, 0.02567481512970726590, 0.05000000000000004441 ) ) ;
#2469 = EDGE_CURVE ( 'NONE', #493, #1936, #396, .T. ) ;
#2470 = VECTOR ( 'NONE', #428, 39.37007874015748854 ) ;
#2471 = UNCERTAINTY_MEASURE_WITH_UNIT (LENGTH_MEASURE( 1.000000000000000082E-05 ), #2751, 'distance_accuracy_value', 'NONE');
#2472 = PRODUCT_DEFINITION ( 'UNKNOWN', '', #1330, #1640 ) ;
#2473 = ORIENTED_EDGE ( 'NONE', *, *, #1638, .F. ) ;
#2474 = LINE ( 'NONE', #108, #1261 ) ;
#2475 = PRESENTATION_LAYER_ASSIGNMENT (  '', '', ( #449 ) ) ;
#2476 =( CONVERSION_BASED_UNIT ( 'INCH', #2207 ) LENGTH_UNIT ( ) NAMED_UNIT ( #2664 ) );
#2477 = CARTESIAN_POINT ( 'NONE',  ( 0.03899999999999996525, 0.02567481512970725202, 0.06500000000000004385 ) ) ;
#2478 = VECTOR ( 'NONE', #3058, 39.37007874015748143 ) ;
#2479 = COLOUR_RGB ( '',0.7529411764705882248, 0.7529411764705882248, 0.7529411764705882248 ) ;
#2480 = VERTEX_POINT ( 'NONE', #417 ) ;
#2481 = DIRECTION ( 'NONE',  ( 0.0000000000000000000, -0.1668583036929084384, -0.9859808854580930371 ) ) ;
#2482 = FACE_OUTER_BOUND ( 'NONE', #1118, .T. ) ;
#2483 = AXIS2_PLACEMENT_3D ( 'NONE', #2830, #2070, #2568 ) ;
#2484 = CARTESIAN_POINT ( 'NONE',  ( 0.03899999999999996525, 0.3052550892975832153, 0.05083429151846458743 ) ) ;
#2485 = ORIENTED_EDGE ( 'NONE', *, *, #1785, .T. ) ;
#2486 = FACE_OUTER_BOUND ( 'NONE', #1693, .T. ) ;
#2487 = VECTOR ( 'NONE', #2970, 39.37007874015748143 ) ;
#2488 = LENGTH_MEASURE_WITH_UNIT ( LENGTH_MEASURE( 0.02539999999999999897 ), #943 );
#2489 = CIRCLE ( 'NONE', #2929, 0.004999999999999997502 ) ;
#2490 = ORIENTED_EDGE ( 'NONE', *, *, #2154, .T. ) ;
#2491 = CARTESIAN_POINT ( 'NONE',  ( 0.09199999999999997069, 0.3629999999999999893, -0.01000000000000000021 ) ) ;
#2492 = LINE ( 'NONE', #3020, #283 ) ;
#2493 = SURFACE_SIDE_STYLE ('',( #2508 ) ) ;
#2494 = ORIENTED_EDGE ( 'NONE', *, *, #55, .T. ) ;
#2495 = CARTESIAN_POINT ( 'NONE',  ( 0.1389999999999999847, 0.3366748151297072056, 2.134256245050205639E-18 ) ) ;
#2496 = CARTESIAN_POINT ( 'NONE',  ( 0.03899999999999996525, -0.01067481512970724737, 0.01500000000000000465 ) ) ;
#2497 = EDGE_CURVE ( 'NONE', #2, #2211, #2181, .T. ) ;
#2498 = CARTESIAN_POINT ( 'NONE',  ( -0.008000000000000036596, 0.3151148981521642023, 0.05250287455539367348 ) ) ;
#2499 = FACE_OUTER_BOUND ( 'NONE', #501, .T. ) ;
#2500 = CARTESIAN_POINT ( 'NONE',  ( 0.1389999999999999847, 0.3003251848702927496, 0.05000000000000004441 ) ) ;
#2501 = DIRECTION ( 'NONE',  ( 0.0000000000000000000, 0.1668583036929084107, -0.9859808854580930371 ) ) ;
#2502 = VERTEX_POINT ( 'NONE', #1723 ) ;
#2503 = LINE ( 'NONE', #3047, #2155 ) ;
#2504 =( NAMED_UNIT ( * ) SI_UNIT ( $, .STERADIAN. ) SOLID_ANGLE_UNIT ( ) );
#2505 = FACE_OUTER_BOUND ( 'NONE', #935, .T. ) ;
#2506 = ORIENTED_EDGE ( 'NONE', *, *, #988, .F. ) ;
#2507 = FILL_AREA_STYLE ('',( #432 ) ) ;
#2508 = SURFACE_STYLE_FILL_AREA ( #3265 ) ;
#2509 = UNCERTAINTY_MEASURE_WITH_UNIT (LENGTH_MEASURE( 1.000000000000000082E-05 ), #446, 'distance_accuracy_value', 'NONE');
#2510 = ORIENTED_EDGE ( 'NONE', *, *, #330, .T. ) ;
#2511 = LINE ( 'NONE', #960, #2478 ) ;
#2512 = SURFACE_STYLE_FILL_AREA ( #678 ) ;
#2513 = ADVANCED_FACE ( 'NONE', ( #2648 ), #2379, .F. ) ;
#2514 = CARTESIAN_POINT ( 'NONE',  ( 0.03899999999999996525, -0.01067481512970724390, 2.134256245050205639E-18 ) ) ;
#2515 = LENGTH_MEASURE_WITH_UNIT ( LENGTH_MEASURE( 0.02539999999999999897 ), #1996 );
#2516 = UNCERTAINTY_MEASURE_WITH_UNIT (LENGTH_MEASURE( 1.000000000000000082E-05 ), #215, 'distance_accuracy_value', 'NONE');
#2517 = ORIENTED_EDGE ( 'NONE', *, *, #1500, .T. ) ;
#2518 = LINE ( 'NONE', #2017, #573 ) ;
#2519 = SURFACE_STYLE_USAGE ( .BOTH. , #1769 ) ;
#2520 = PRESENTATION_STYLE_ASSIGNMENT (( #2535 ) ) ;
#2521 = ORIENTED_EDGE ( 'NONE', *, *, #3077, .T. ) ;
#2522 = DIRECTION ( 'NONE',  ( 0.0000000000000000000, 0.0000000000000000000, 1.000000000000000000 ) ) ;
#2523 =( CONVERSION_BASED_UNIT ( 'INCH', #692 ) LENGTH_UNIT ( ) NAMED_UNIT ( #326 ) );
#2524 = ORIENTED_EDGE ( 'NONE', *, *, #2939, .T. ) ;
#2525 = CARTESIAN_POINT ( 'NONE',  ( 0.03899999999999996525, 0.02567481512970725202, 0.05000000000000004441 ) ) ;
#2526 = COLOUR_RGB ( '',0.2549019607843137081, 0.2549019607843137081, 0.2549019607843137081 ) ;
#2527 = FILL_AREA_STYLE_COLOUR ( '', #2107 ) ;
#2528 = PRESENTATION_LAYER_ASSIGNMENT (  '', '', ( #189 ) ) ;
#2529 = STYLED_ITEM ( 'NONE', ( #107 ), #235 ) ;
#2530 = CARTESIAN_POINT ( 'NONE',  ( 0.03899999999999996525, -0.03699999999999997735, 0.0000000000000000000 ) ) ;
#2531 = ORIENTED_EDGE ( 'NONE', *, *, #1720, .T. ) ;
#2532 = CARTESIAN_POINT ( 'NONE',  ( -0.008000000000000036596, 0.02567481512970725202, 0.05500000000000004191 ) ) ;
#2533 =( CONVERSION_BASED_UNIT ( 'INCH', #3066 ) LENGTH_UNIT ( ) NAMED_UNIT ( #1082 ) );
#2534 = PRESENTATION_LAYER_ASSIGNMENT (  '', '', ( #2007 ) ) ;
#2535 = SURFACE_STYLE_USAGE ( .BOTH. , #1498 ) ;
#2536 = EDGE_CURVE ( 'NONE', #944, #2182, #1633, .T. ) ;
#2537 = AXIS2_PLACEMENT_3D ( 'NONE', #2654, #3213, #587 ) ;
#2538 = MECHANICAL_DESIGN_GEOMETRIC_PRESENTATION_REPRESENTATION (  '', ( #3035 ), #1058 ) ;
#2539 = PRESENTATION_LAYER_ASSIGNMENT (  '', '', ( #2687 ) ) ;
#2540 = ORIENTED_EDGE ( 'NONE', *, *, #2245, .F. ) ;
#2541 = LINE ( 'NONE', #173, #2861 ) ;
#2542 =( CONVERSION_BASED_UNIT ( 'INCH', #707 ) LENGTH_UNIT ( ) NAMED_UNIT ( #2188 ) );
#2543 = VERTEX_POINT ( 'NONE', #1868 ) ;
#2544 = DIRECTION ( 'NONE',  ( -1.167171384011831108E-16, 1.000000000000000000, 0.0000000000000000000 ) ) ;
#2545 = MECHANICAL_DESIGN_GEOMETRIC_PRESENTATION_REPRESENTATION (  '', ( #3053 ), #2871 ) ;
#2546 =( NAMED_UNIT ( * ) PLANE_ANGLE_UNIT ( ) SI_UNIT ( $, .RADIAN. ) );
#2547 = SURFACE_STYLE_FILL_AREA ( #1509 ) ;
#2548 = SURFACE_STYLE_USAGE ( .BOTH. , #391 ) ;
#2549 = CARTESIAN_POINT ( 'NONE',  ( -0.01935610856712474681, 0.04064389143287527179, 0.1375099742688655480 ) ) ;
#2550 = ORIENTED_EDGE ( 'NONE', *, *, #741, .F. ) ;
#2551 =( CONVERSION_BASED_UNIT ( 'INCH', #2892 ) LENGTH_UNIT ( ) NAMED_UNIT ( #1819 ) );
#2552 = DIRECTION ( 'NONE',  ( -1.174660086015586063E-16, 0.9961946980917448791, 0.08715574274766532681 ) ) ;
#2553 = EDGE_CURVE ( 'NONE', #1970, #29, #2409, .T. ) ;
#2554 = ORIENTED_EDGE ( 'NONE', *, *, #1716, .T. ) ;
#2555 = LINE ( 'NONE', #214, #1003 ) ;
#2556 = EDGE_CURVE ( 'NONE', #3235, #2695, #2341, .T. ) ;
#2557 = ORIENTED_EDGE ( 'NONE', *, *, #2350, .T. ) ;
#2558 = EDGE_CURVE ( 'NONE', #3382, #1384, #1682, .T. ) ;
#2559 = LENGTH_MEASURE_WITH_UNIT ( LENGTH_MEASURE( 0.02539999999999999897 ), #3073 );
#2560 = DIRECTION ( 'NONE',  ( 0.0000000000000000000, 0.0000000000000000000, -1.000000000000000000 ) ) ;
#2561 = FILL_AREA_STYLE ('',( #1055 ) ) ;
#2562 = FILL_AREA_STYLE_COLOUR ( '', #3165 ) ;
#2563 = CARTESIAN_POINT ( 'NONE',  ( -0.008000000000000036596, 0.3003251848702927496, 0.05000000000000004441 ) ) ;
#2564 = ORIENTED_EDGE ( 'NONE', *, *, #2963, .T. ) ;
#2565 =( NAMED_UNIT ( * ) PLANE_ANGLE_UNIT ( ) SI_UNIT ( $, .RADIAN. ) );
#2566 = ORIENTED_EDGE ( 'NONE', *, *, #2556, .T. ) ;
#2567 = ORIENTED_EDGE ( 'NONE', *, *, #712, .T. ) ;
#2568 = DIRECTION ( 'NONE',  ( -1.000000000000000000, 0.0000000000000000000, 0.0000000000000000000 ) ) ;
#2569 = ADVANCED_FACE ( 'NONE', ( #2123 ), #1899, .T. ) ;
#2570 = FACE_OUTER_BOUND ( 'NONE', #136, .T. ) ;
#2571 = CARTESIAN_POINT ( 'NONE',  ( 0.03899999999999996525, 0.3003251848702927496, 0.06500000000000004385 ) ) ;
#2572 = CARTESIAN_POINT ( 'NONE',  ( 0.1389999999999999847, -0.01067481512970723349, -0.01000000000000000021 ) ) ;
#2573 = COLOUR_RGB ( '',0.2549019607843137081, 0.2549019607843137081, 0.2549019607843137081 ) ;
#2574 = UNCERTAINTY_MEASURE_WITH_UNIT (LENGTH_MEASURE( 1.000000000000000082E-05 ), #441, 'distance_accuracy_value', 'NONE');
#2575 = STYLED_ITEM ( 'NONE', ( #2609 ), #1176 ) ;
#2576 = COLOUR_RGB ( '',0.7529411764705882248, 0.7529411764705882248, 0.7529411764705882248 ) ;
#2577 =( LENGTH_UNIT ( ) NAMED_UNIT ( * ) SI_UNIT ( $, .METRE. ) );
#2578 = ORIENTED_EDGE ( 'NONE', *, *, #330, .F. ) ;
#2579 = DIRECTION ( 'NONE',  ( 0.0000000000000000000, 1.000000000000000000, 0.0000000000000000000 ) ) ;
#2580 = CARTESIAN_POINT ( 'NONE',  ( 0.1389999999999999847, 0.01088510184783587215, 0.05250287455539368042 ) ) ;
#2581 = PRESENTATION_LAYER_ASSIGNMENT (  '', '', ( #2978 ) ) ;
#2582 = ORIENTED_EDGE ( 'NONE', *, *, #731, .T. ) ;
#2583 = MECHANICAL_DESIGN_GEOMETRIC_PRESENTATION_REPRESENTATION (  '', ( #2746 ), #1107 ) ;
#2584 = CARTESIAN_POINT ( 'NONE',  ( 0.09199999999999997069, 0.3052550892975832153, 0.05083429151846458743 ) ) ;
#2585 = ORIENTED_EDGE ( 'NONE', *, *, #1724, .T. ) ;
#2586 = DIRECTION ( 'NONE',  ( -1.000000000000000000, -0.0000000000000000000, -0.0000000000000000000 ) ) ;
#2587 = VERTEX_POINT ( 'NONE', #2832 ) ;
#2588 = PRESENTATION_STYLE_ASSIGNMENT (( #1272 ) ) ;
#2589 = CARTESIAN_POINT ( 'NONE',  ( 0.1389999999999999847, 0.03500000000000002415, 0.06500000000000004385 ) ) ;
#2590 =( GEOMETRIC_REPRESENTATION_CONTEXT ( 3 ) GLOBAL_UNCERTAINTY_ASSIGNED_CONTEXT ( ( #702 ) ) GLOBAL_UNIT_ASSIGNED_CONTEXT ( ( #2282, #1229, #151 ) ) REPRESENTATION_CONTEXT ( 'NONE', 'WORKASPACE' ) );
#2591 = COLOUR_RGB ( '',0.7529411764705882248, 0.7529411764705882248, 0.7529411764705882248 ) ;
#2592 = VECTOR ( 'NONE', #2173, 39.37007874015748143 ) ;
#2593 = EDGE_CURVE ( 'NONE', #1126, #45, #1780, .T. ) ;
#2594 = VECTOR ( 'NONE', #1813, 39.37007874015748143 ) ;
#2595 = LINE ( 'NONE', #3112, #664 ) ;
#2596 = CARTESIAN_POINT ( 'NONE',  ( -0.008000000000000036596, 0.3366748151297073166, 0.01500000000000000465 ) ) ;
#2597 = DIRECTION ( 'NONE',  ( 1.000000000000000000, 0.0000000000000000000, 0.0000000000000000000 ) ) ;
#2598 = PLANE ( 'NONE',  #3041 ) ;
#2599 = ORIENTED_EDGE ( 'NONE', *, *, #3245, .T. ) ;
#2600 = PRESENTATION_STYLE_ASSIGNMENT (( #3372 ) ) ;
#2601 = FACE_OUTER_BOUND ( 'NONE', #1989, .T. ) ;
#2602 =( NAMED_UNIT ( * ) PLANE_ANGLE_UNIT ( ) SI_UNIT ( $, .RADIAN. ) );
#2603 = ORIENTED_EDGE ( 'NONE', *, *, #2164, .F. ) ;
#2604 = DIRECTION ( 'NONE',  ( 0.0000000000000000000, 1.000000000000000000, 0.0000000000000000000 ) ) ;
#2605 = MECHANICAL_DESIGN_GEOMETRIC_PRESENTATION_REPRESENTATION (  '', ( #640 ), #2233 ) ;
#2606 = VECTOR ( 'NONE', #825, 39.37007874015748143 ) ;
#2607 = CYLINDRICAL_SURFACE ( 'NONE', #842, 0.01499999999999999424 ) ;
#2608 = CARTESIAN_POINT ( 'NONE',  ( -0.008000000000000036596, 0.01088510184783586000, 0.05250287455539367348 ) ) ;
#2609 = PRESENTATION_STYLE_ASSIGNMENT (( #1844 ) ) ;
#2610 = LINE ( 'NONE', #1279, #2438 ) ;
#2611 = SURFACE_SIDE_STYLE ('',( #784 ) ) ;
#2612 = EDGE_CURVE ( 'NONE', #1420, #1604, #699, .T. ) ;
#2613 = ORIENTED_EDGE ( 'NONE', *, *, #254, .T. ) ;
#2614 =( LENGTH_UNIT ( ) NAMED_UNIT ( * ) SI_UNIT ( $, .METRE. ) );
#2615 = APPLICATION_PROTOCOL_DEFINITION ( 'draft international standard', 'automotive_design', 1998, #2711 ) ;
#2616 = CARTESIAN_POINT ( 'NONE',  ( 0.1503132368708144651, 0.04068676312918555193, 0.1380000000000000115 ) ) ;
#2617 = ORIENTED_EDGE ( 'NONE', *, *, #2332, .F. ) ;
#2618 = CARTESIAN_POINT ( 'NONE',  ( 0.03899999999999996525, -0.03699999999999997735, 0.0000000000000000000 ) ) ;
#2619 =( CONVERSION_BASED_UNIT ( 'INCH', #482 ) LENGTH_UNIT ( ) NAMED_UNIT ( #3192 ) );
#2620 = DIMENSIONAL_EXPONENTS ( 1.000000000000000000, 0.0000000000000000000, 0.0000000000000000000, 0.0000000000000000000, 0.0000000000000000000, 0.0000000000000000000, 0.0000000000000000000 ) ;
#2621 = CARTESIAN_POINT ( 'NONE',  ( -0.008000000000000036596, 0.3052550892975832153, 0.05083429151846458743 ) ) ;
#2622 = COLOUR_RGB ( '',0.7529411764705882248, 0.7529411764705882248, 0.7529411764705882248 ) ;
#2623 = ORIENTED_EDGE ( 'NONE', *, *, #3308, .F. ) ;
#2624 = FILL_AREA_STYLE ('',( #1599 ) ) ;
#2625 =( CONVERSION_BASED_UNIT ( 'INCH', #2944 ) LENGTH_UNIT ( ) NAMED_UNIT ( #623 ) );
#2626 = EDGE_LOOP ( 'NONE', ( #2554, #2729, #3025, #176 ) ) ;
#2627 = LINE ( 'NONE', #2932, #1458 ) ;
#2628 = DIRECTION ( 'NONE',  ( -1.000000000000000000, 0.0000000000000000000, -0.0000000000000000000 ) ) ;
#2629 = VECTOR ( 'NONE', #438, 39.37007874015748143 ) ;
#2630 = CARTESIAN_POINT ( 'NONE',  ( -0.008000000000000036596, 0.3366748151297073166, -0.01000000000000000021 ) ) ;
#2631 = ADVANCED_FACE ( 'NONE', ( #3129 ), #474, .F. ) ;
#2632 = SURFACE_SIDE_STYLE ('',( #1816 ) ) ;
#2633 =( LENGTH_UNIT ( ) NAMED_UNIT ( * ) SI_UNIT ( $, .METRE. ) );
#2634 =( LENGTH_UNIT ( ) NAMED_UNIT ( * ) SI_UNIT ( $, .METRE. ) );
#2635 = FILL_AREA_STYLE_COLOUR ( '', #2622 ) ;
#2636 = STYLED_ITEM ( 'NONE', ( #317 ), #464 ) ;
#2637 = SURFACE_STYLE_FILL_AREA ( #2670 ) ;
#2638 = MECHANICAL_DESIGN_GEOMETRIC_PRESENTATION_REPRESENTATION (  '', ( #565 ), #1382 ) ;
#2639 = PRESENTATION_STYLE_ASSIGNMENT (( #1887 ) ) ;
#2640 = DIMENSIONAL_EXPONENTS ( 1.000000000000000000, 0.0000000000000000000, 0.0000000000000000000, 0.0000000000000000000, 0.0000000000000000000, 0.0000000000000000000, 0.0000000000000000000 ) ;
#2641 = DIRECTION ( 'NONE',  ( 0.0000000000000000000, 0.0000000000000000000, -1.000000000000000000 ) ) ;
#2642 = CARTESIAN_POINT ( 'NONE',  ( -0.02500000000000003608, 0.2910000000000000364, 0.06500000000000004385 ) ) ;
#2643 = CIRCLE ( 'NONE', #574, 0.004999999999999997502 ) ;
#2644 = COLOUR_RGB ( '',0.7529411764705882248, 0.7529411764705882248, 0.7529411764705882248 ) ;
#2645 = ORIENTED_EDGE ( 'NONE', *, *, #2302, .F. ) ;
#2646 = CARTESIAN_POINT ( 'NONE',  ( -0.008000000000000036596, 0.3366748151297073166, 0.01500000000000000465 ) ) ;
#2647 = AXIS2_PLACEMENT_3D ( 'NONE', #1646, #1655, #112 ) ;
#2648 = FACE_OUTER_BOUND ( 'NONE', #2712, .T. ) ;
#2649 = ORIENTED_EDGE ( 'NONE', *, *, #2497, .T. ) ;
#2650 = CARTESIAN_POINT ( 'NONE',  ( -0.02500000000000000486, 0.03500000000000000333, 0.0000000000000000000 ) ) ;
#2651 = LINE ( 'NONE', #1918, #1890 ) ;
#2652 = EDGE_CURVE ( 'NONE', #2321, #307, #1845, .T. ) ;
#2653 = EDGE_LOOP ( 'NONE', ( #350, #1984, #460, #60 ) ) ;
#2654 = CARTESIAN_POINT ( 'NONE',  ( 0.1389999999999999847, 0.02074491070241680363, 0.05083429151846458743 ) ) ;
#2655 = AXIS2_PLACEMENT_3D ( 'NONE', #2596, #221, #1005 ) ;
#2656 =( CONVERSION_BASED_UNIT ( 'INCH', #2923 ) LENGTH_UNIT ( ) NAMED_UNIT ( #2094 ) );
#2657 = EDGE_CURVE ( 'NONE', #2543, #399, #2710, .T. ) ;
#2658 = EDGE_CURVE ( 'NONE', #3299, #2449, #2067, .T. ) ;
#2659 = ORIENTED_EDGE ( 'NONE', *, *, #254, .F. ) ;
#2660 = DIRECTION ( 'NONE',  ( 1.000000000000000000, 0.0000000000000000000, 0.0000000000000000000 ) ) ;
#2661 = CARTESIAN_POINT ( 'NONE',  ( -0.01742616107219530433, 0.2834261610721953151, 0.1595693750774908326 ) ) ;
#2662 = SURFACE_SIDE_STYLE ('',( #861 ) ) ;
#2663 = LENGTH_MEASURE_WITH_UNIT ( LENGTH_MEASURE( 0.02539999999999999897 ), #333 );
#2664 = DIMENSIONAL_EXPONENTS ( 1.000000000000000000, 0.0000000000000000000, 0.0000000000000000000, 0.0000000000000000000, 0.0000000000000000000, 0.0000000000000000000, 0.0000000000000000000 ) ;
#2665 = ORIENTED_EDGE ( 'NONE', *, *, #2469, .F. ) ;
#2666 = CARTESIAN_POINT ( 'NONE',  ( -0.008000000000000036596, 0.02074491070241678975, 0.05083429151846459437 ) ) ;
#2667 = PLANE ( 'NONE',  #1854 ) ;
#2668 = EDGE_LOOP ( 'NONE', ( #3332, #1971, #2603, #2490 ) ) ;
#2669 = STYLED_ITEM ( 'NONE', ( #649 ), #3091 ) ;
#2670 = FILL_AREA_STYLE ('',( #1091 ) ) ;
#2671 =( NAMED_UNIT ( * ) PLANE_ANGLE_UNIT ( ) SI_UNIT ( $, .RADIAN. ) );
#2672 = EDGE_CURVE ( 'NONE', #470, #2587, #3113, .T. ) ;
#2673 = CARTESIAN_POINT ( 'NONE',  ( -0.008000000000000036596, -0.03699999999999997735, -0.01000000000000000021 ) ) ;
#2674 = ORIENTED_EDGE ( 'NONE', *, *, #938, .F. ) ;
#2675 = CARTESIAN_POINT ( 'NONE',  ( 0.09199999999999997069, -0.01067481512970723349, -0.01000000000000000021 ) ) ;
#2676 = MECHANICAL_DESIGN_GEOMETRIC_PRESENTATION_REPRESENTATION (  '', ( #2085 ), #3144 ) ;
#2677 = ORIENTED_EDGE ( 'NONE', *, *, #2763, .T. ) ;
#2678 = CARTESIAN_POINT ( 'NONE',  ( 0.1389999999999999847, 0.3003251848702927496, 0.06500000000000004385 ) ) ;
#2679 =( LENGTH_UNIT ( ) NAMED_UNIT ( * ) SI_UNIT ( $, .METRE. ) );
#2680 = CARTESIAN_POINT ( 'NONE',  ( 0.1389999999999999847, 0.02567481512970726590, 0.05500000000000004191 ) ) ;
#2681 = VERTEX_POINT ( 'NONE', #2571 ) ;
#2682 = VECTOR ( 'NONE', #1316, 39.37007874015748143 ) ;
#2683 = DIRECTION ( 'NONE',  ( -1.000000000000000000, -0.0000000000000000000, -0.0000000000000000000 ) ) ;
#2684 =( GEOMETRIC_REPRESENTATION_CONTEXT ( 3 ) GLOBAL_UNCERTAINTY_ASSIGNED_CONTEXT ( ( #559 ) ) GLOBAL_UNIT_ASSIGNED_CONTEXT ( ( #2169, #2743, #859 ) ) REPRESENTATION_CONTEXT ( 'NONE', 'WORKASPACE' ) );
#2685 = AXIS2_PLACEMENT_3D ( 'NONE', #1291, #1610, #2380 ) ;
#2686 = VECTOR ( 'NONE', #1712, 39.37007874015748143 ) ;
#2687 = STYLED_ITEM ( 'NONE', ( #1524 ), #545 ) ;
#2688 = ORIENTED_EDGE ( 'NONE', *, *, #2446, .T. ) ;
#2689 = CARTESIAN_POINT ( 'NONE',  ( 0.03899999999999996525, 0.3003251848702927496, 0.05000000000000004441 ) ) ;
#2690 =( LENGTH_UNIT ( ) NAMED_UNIT ( * ) SI_UNIT ( $, .METRE. ) );
#2691 = PRESENTATION_LAYER_ASSIGNMENT (  '', '', ( #794 ) ) ;
#2692 = VECTOR ( 'NONE', #109, 39.37007874015748143 ) ;
#2693 = PRESENTATION_LAYER_ASSIGNMENT (  '', '', ( #3379 ) ) ;
#2694 = LENGTH_MEASURE_WITH_UNIT ( LENGTH_MEASURE( 0.02539999999999999897 ), #1915 );
#2695 = VERTEX_POINT ( 'NONE', #530 ) ;
#2696 = EDGE_CURVE ( 'NONE', #467, #1617, #2610, .T. ) ;
#2697 = AXIS2_PLACEMENT_3D ( 'NONE', #2122, #1085, #2153 ) ;
#2698 = CARTESIAN_POINT ( 'NONE',  ( 0.1389999999999999847, 0.3003251848702927496, 0.05000000000000004441 ) ) ;
#2699 =( NAMED_UNIT ( * ) SI_UNIT ( $, .STERADIAN. ) SOLID_ANGLE_UNIT ( ) );
#2700 = SURFACE_SIDE_STYLE ('',( #572 ) ) ;
#2701 = PLANE ( 'NONE',  #16 ) ;
#2702 = LINE ( 'NONE', #1691, #1788 ) ;
#2703 = DIMENSIONAL_EXPONENTS ( 1.000000000000000000, 0.0000000000000000000, 0.0000000000000000000, 0.0000000000000000000, 0.0000000000000000000, 0.0000000000000000000, 0.0000000000000000000 ) ;
#2704 = UNCERTAINTY_MEASURE_WITH_UNIT (LENGTH_MEASURE( 1.000000000000000082E-05 ), #87, 'distance_accuracy_value', 'NONE');
#2705 = VERTEX_POINT ( 'NONE', #268 ) ;
#2706 = LINE ( 'NONE', #370, #1102 ) ;
#2707 = FILL_AREA_STYLE ('',( #388 ) ) ;
#2708 =( CONVERSION_BASED_UNIT ( 'INCH', #1193 ) LENGTH_UNIT ( ) NAMED_UNIT ( #2179 ) );
#2709 = UNCERTAINTY_MEASURE_WITH_UNIT (LENGTH_MEASURE( 1.000000000000000082E-05 ), #2247, 'distance_accuracy_value', 'NONE');
#2710 = CIRCLE ( 'NONE', #2655, 0.01499999999999999944 ) ;
#2711 = APPLICATION_CONTEXT ( 'automotive_design' ) ;
#2712 = EDGE_LOOP ( 'NONE', ( #690, #128, #2289, #1864 ) ) ;
#2713 = EDGE_CURVE ( 'NONE', #756, #1310, #714, .T. ) ;
#2714 = CARTESIAN_POINT ( 'NONE',  ( 0.1559999999999999998, 0.03500000000000002415, 0.1380000000000000115 ) ) ;
#2715 = ORIENTED_EDGE ( 'NONE', *, *, #741, .T. ) ;
#2716 = CARTESIAN_POINT ( 'NONE',  ( 0.1389999999999999847, 0.2853132368708144462, 6.552215825454387752E-19 ) ) ;
#2717 = CARTESIAN_POINT ( 'NONE',  ( 0.1389999999999999847, 0.02567481512970726590, 0.06500000000000004385 ) ) ;
#2718 = DIRECTION ( 'NONE',  ( -1.000000000000000000, 0.0000000000000000000, -0.0000000000000000000 ) ) ;
#2719 = ADVANCED_FACE ( 'NONE', ( #2292 ), #3353, .F. ) ;
#2720 = DIMENSIONAL_EXPONENTS ( 1.000000000000000000, 0.0000000000000000000, 0.0000000000000000000, 0.0000000000000000000, 0.0000000000000000000, 0.0000000000000000000, 0.0000000000000000000 ) ;
#2721 = ORIENTED_EDGE ( 'NONE', *, *, #2036, .F. ) ;
#2722 = LENGTH_MEASURE_WITH_UNIT ( LENGTH_MEASURE( 0.02539999999999999897 ), #1707 );
#2723 = FILL_AREA_STYLE ('',( #1190 ) ) ;
#2724 = CARTESIAN_POINT ( 'NONE',  ( 0.1389999999999999847, -0.01067481512970723523, 0.01500000000000000465 ) ) ;
#2725 = VERTEX_POINT ( 'NONE', #2673 ) ;
#2726 = DIRECTION ( 'NONE',  ( 0.0000000000000000000, 0.0000000000000000000, 1.000000000000000000 ) ) ;
#2727 =( NAMED_UNIT ( * ) SI_UNIT ( $, .STERADIAN. ) SOLID_ANGLE_UNIT ( ) );
#2728 = CARTESIAN_POINT ( 'NONE',  ( 0.004682509528572100649, 0.05562821319943792725, 0.1330000000000160776 ) ) ;
#2729 = ORIENTED_EDGE ( 'NONE', *, *, #534, .F. ) ;
#2730 = CARTESIAN_POINT ( 'NONE',  ( 0.03899999999999996525, 0.3151148981521642023, 0.05250287455539368042 ) ) ;
#2731 = ORIENTED_EDGE ( 'NONE', *, *, #139, .F. ) ;
#2732 = DIRECTION ( 'NONE',  ( 0.0000000000000000000, -0.9859808854580930371, -0.1668583036929084107 ) ) ;
#2733 = PRESENTATION_LAYER_ASSIGNMENT (  '', '', ( #131 ) ) ;
#2734 = ADVANCED_FACE ( 'NONE', ( #593 ), #2901, .F. ) ;
#2735 = ORIENTED_EDGE ( 'NONE', *, *, #1588, .F. ) ;
#2736 =( LENGTH_UNIT ( ) NAMED_UNIT ( * ) SI_UNIT ( $, .METRE. ) );
#2737 = COLOUR_RGB ( '',0.7529411764705882248, 0.7529411764705882248, 0.7529411764705882248 ) ;
#2738 = DIMENSIONAL_EXPONENTS ( 1.000000000000000000, 0.0000000000000000000, 0.0000000000000000000, 0.0000000000000000000, 0.0000000000000000000, 0.0000000000000000000, 0.0000000000000000000 ) ;
#2739 = COLOUR_RGB ( '',0.7529411764705882248, 0.7529411764705882248, 0.7529411764705882248 ) ;
#2740 = UNCERTAINTY_MEASURE_WITH_UNIT (LENGTH_MEASURE( 1.000000000000000082E-05 ), #20, 'distance_accuracy_value', 'NONE');
#2741 = VERTEX_POINT ( 'NONE', #2118 ) ;
#2742 = CIRCLE ( 'NONE', #508, 0.01499999999999999944 ) ;
#2743 =( NAMED_UNIT ( * ) PLANE_ANGLE_UNIT ( ) SI_UNIT ( $, .RADIAN. ) );
#2744 = FILL_AREA_STYLE ('',( #124 ) ) ;
#2745 =( GEOMETRIC_REPRESENTATION_CONTEXT ( 3 ) GLOBAL_UNCERTAINTY_ASSIGNED_CONTEXT ( ( #1133 ) ) GLOBAL_UNIT_ASSIGNED_CONTEXT ( ( #1595, #2565, #275 ) ) REPRESENTATION_CONTEXT ( 'NONE', 'WORKASPACE' ) );
#2746 = STYLED_ITEM ( 'NONE', ( #103 ), #437 ) ;
#2747 =( CONVERSION_BASED_UNIT ( 'INCH', #647 ) LENGTH_UNIT ( ) NAMED_UNIT ( #1841 ) );
#2748 = CYLINDRICAL_SURFACE ( 'NONE', #1511, 0.01499999999999999424 ) ;
#2749 = LINE ( 'NONE', #2484, #2041 ) ;
#2750 = VERTEX_POINT ( 'NONE', #544 ) ;
#2751 =( CONVERSION_BASED_UNIT ( 'INCH', #1737 ) LENGTH_UNIT ( ) NAMED_UNIT ( #1113 ) );
#2752 = CIRCLE ( 'NONE', #1897, 0.01499999999999999771 ) ;
#2753 = FILL_AREA_STYLE_COLOUR ( '', #89 ) ;
#2754 = COLOUR_RGB ( '',0.2549019607843137081, 0.2549019607843137081, 0.2549019607843137081 ) ;
#2755 = CIRCLE ( 'NONE', #684, 0.02500000000000000139 ) ;
#2756 = STYLED_ITEM ( 'NONE', ( #260 ), #1760 ) ;
#2757 = STYLED_ITEM ( 'NONE', ( #2783 ), #1900 ) ;
#2758 = ORIENTED_EDGE ( 'NONE', *, *, #2446, .F. ) ;
#2759 = SURFACE_SIDE_STYLE ('',( #1790 ) ) ;
#2760 = LENGTH_MEASURE_WITH_UNIT ( LENGTH_MEASURE( 0.02539999999999999897 ), #2736 );
#2761 = AXIS2_PLACEMENT_3D ( 'NONE', #1605, #2441, #1070 ) ;
#2762 = DIRECTION ( 'NONE',  ( 0.0000000000000000000, 0.0000000000000000000, 1.000000000000000000 ) ) ;
#2763 = EDGE_CURVE ( 'NONE', #3131, #1253, #1068, .T. ) ;
#2764 = ORIENTED_EDGE ( 'NONE', *, *, #1480, .F. ) ;
#2765 = SURFACE_SIDE_STYLE ('',( #2008 ) ) ;
#2766 = CARTESIAN_POINT ( 'NONE',  ( -0.02500000000000003608, 0.2910000000000000364, 0.07299999999999996769 ) ) ;
#2767 = CARTESIAN_POINT ( 'NONE',  ( 0.1389999999999999847, 0.3003251848702927496, 0.06500000000000004385 ) ) ;
#2768 = CARTESIAN_POINT ( 'NONE',  ( 0.09199999999999997069, -0.03699999999999996347, -0.01000000000000000021 ) ) ;
#2769 = ADVANCED_FACE ( 'NONE', ( #819, #557 ), #2389, .F. ) ;
#2770 = EDGE_CURVE ( 'NONE', #2959, #800, #125, .T. ) ;
#2771 =( NAMED_UNIT ( * ) PLANE_ANGLE_UNIT ( ) SI_UNIT ( $, .RADIAN. ) );
#2772 = FACE_OUTER_BOUND ( 'NONE', #3064, .T. ) ;
#2773 = STYLED_ITEM ( 'NONE', ( #1643 ), #2769 ) ;
#2774 = SURFACE_STYLE_FILL_AREA ( #636 ) ;
#2775 = CARTESIAN_POINT ( 'NONE',  ( 0.1389999999999999847, 0.3366748151297072056, 0.01500000000000000465 ) ) ;
#2776 = SURFACE_SIDE_STYLE ('',( #3295 ) ) ;
#2777 =( CONVERSION_BASED_UNIT ( 'INCH', #1757 ) LENGTH_UNIT ( ) NAMED_UNIT ( #1275 ) );
#2778 = ORIENTED_EDGE ( 'NONE', *, *, #181, .T. ) ;
#2779 = DIRECTION ( 'NONE',  ( 0.0000000000000000000, 1.000000000000000000, 0.0000000000000000000 ) ) ;
#2780 = PLANE ( 'NONE',  #2863 ) ;
#2781 = ADVANCED_FACE ( 'NONE', ( #2011 ), #3059, .T. ) ;
#2782 =( NAMED_UNIT ( * ) SI_UNIT ( $, .STERADIAN. ) SOLID_ANGLE_UNIT ( ) );
#2783 = PRESENTATION_STYLE_ASSIGNMENT (( #2261 ) ) ;
#2784 = PRESENTATION_LAYER_ASSIGNMENT (  '', '', ( #2187 ) ) ;
#2785 = PRESENTATION_STYLE_ASSIGNMENT (( #1443 ) ) ;
#2786 = ORIENTED_EDGE ( 'NONE', *, *, #2981, .F. ) ;
#2787 = CARTESIAN_POINT ( 'NONE',  ( -0.02500000000000000486, 0.2901251133647407277, 0.05500000000000004191 ) ) ;
#2788 = VERTEX_POINT ( 'NONE', #892 ) ;
#2789 = PRESENTATION_LAYER_ASSIGNMENT (  '', '', ( #831 ) ) ;
#2790 = EDGE_LOOP ( 'NONE', ( #646, #955, #2454, #2320 ) ) ;
#2791 = SURFACE_STYLE_FILL_AREA ( #2034 ) ;
#2792 = AXIS2_PLACEMENT_3D ( 'NONE', #1054, #3232, #2641 ) ;
#2793 = CARTESIAN_POINT ( 'NONE',  ( 0.09199999999999997069, 0.04068676312918554500, 1.740432328636319460E-19 ) ) ;
#2794 = VECTOR ( 'NONE', #1570, 39.37007874015748854 ) ;
#2795 =( GEOMETRIC_REPRESENTATION_CONTEXT ( 3 ) GLOBAL_UNCERTAINTY_ASSIGNED_CONTEXT ( ( #2924 ) ) GLOBAL_UNIT_ASSIGNED_CONTEXT ( ( #1171, #158, #930 ) ) REPRESENTATION_CONTEXT ( 'NONE', 'WORKASPACE' ) );
#2796 = CARTESIAN_POINT ( 'NONE',  ( 0.2560000000000000053, 0.2909999999999999809, 0.06500000000000004385 ) ) ;
#2797 = EDGE_CURVE ( 'NONE', #2843, #2543, #1947, .T. ) ;
#2798 = PRESENTATION_STYLE_ASSIGNMENT (( #1007 ) ) ;
#2799 = ORIENTED_EDGE ( 'NONE', *, *, #238, .T. ) ;
#2800 = AXIS2_PLACEMENT_3D ( 'NONE', #1213, #166, #1196 ) ;
#2801 =( LENGTH_UNIT ( ) NAMED_UNIT ( * ) SI_UNIT ( $, .METRE. ) );
#2802 = PRESENTATION_LAYER_ASSIGNMENT (  '', '', ( #455 ) ) ;
#2803 = ADVANCED_FACE ( 'NONE', ( #918 ), #145, .F. ) ;
#2804 = EDGE_CURVE ( 'NONE', #890, #580, #1530, .T. ) ;
#2805 = VERTEX_POINT ( 'NONE', #1508 ) ;
#2806 = FACE_OUTER_BOUND ( 'NONE', #762, .T. ) ;
#2807 = SURFACE_STYLE_FILL_AREA ( #1542 ) ;
#2808 = STYLED_ITEM ( 'NONE', ( #2838 ), #629 ) ;
#2809 =( GEOMETRIC_REPRESENTATION_CONTEXT ( 3 ) GLOBAL_UNCERTAINTY_ASSIGNED_CONTEXT ( ( #3387 ) ) GLOBAL_UNIT_ASSIGNED_CONTEXT ( ( #1827, #1603, #237 ) ) REPRESENTATION_CONTEXT ( 'NONE', 'WORKASPACE' ) );
#2810 = ORIENTED_EDGE ( 'NONE', *, *, #381, .T. ) ;
#2811 = PRESENTATION_LAYER_ASSIGNMENT (  '', '', ( #2054 ) ) ;
#2812 = ORIENTED_EDGE ( 'NONE', *, *, #956, .F. ) ;
#2813 = DIRECTION ( 'NONE',  ( 0.0000000000000000000, 0.0000000000000000000, 1.000000000000000000 ) ) ;
#2814 = PLANE ( 'NONE',  #895 ) ;
#2815 = SURFACE_SIDE_STYLE ('',( #1797 ) ) ;
#2816 = SURFACE_STYLE_FILL_AREA ( #2561 ) ;
#2817 = UNCERTAINTY_MEASURE_WITH_UNIT (LENGTH_MEASURE( 1.000000000000000082E-05 ), #3002, 'distance_accuracy_value', 'NONE');
#2818 = FILL_AREA_STYLE_COLOUR ( '', #3276 ) ;
#2819 = DIRECTION ( 'NONE',  ( -1.000000000000000000, 0.0000000000000000000, 0.0000000000000000000 ) ) ;
#2820 = VECTOR ( 'NONE', #2241, 39.37007874015748143 ) ;
#2821 = ORIENTED_EDGE ( 'NONE', *, *, #2822, .F. ) ;
#2822 = EDGE_CURVE ( 'NONE', #3131, #470, #2829, .T. ) ;
#2823 = SURFACE_STYLE_USAGE ( .BOTH. , #2632 ) ;
#2824 = FILL_AREA_STYLE ('',( #3292 ) ) ;
#2825 = CARTESIAN_POINT ( 'NONE',  ( -0.008000000000000036596, 0.3120252929932549324, 0.01082854240767729299 ) ) ;
#2826 = DIMENSIONAL_EXPONENTS ( 1.000000000000000000, 0.0000000000000000000, 0.0000000000000000000, 0.0000000000000000000, 0.0000000000000000000, 0.0000000000000000000, 0.0000000000000000000 ) ;
#2827 = ADVANCED_FACE ( 'NONE', ( #1018 ), #451, .F. ) ;
#2828 = ORIENTED_EDGE ( 'NONE', *, *, #1108, .T. ) ;
#2829 = LINE ( 'NONE', #2793, #392 ) ;
#2830 = CARTESIAN_POINT ( 'NONE',  ( 0.1389999999999999847, -0.01067481512970723523, -0.01000000000000000021 ) ) ;
#2831 = FILL_AREA_STYLE ('',( #2055 ) ) ;
#2832 = CARTESIAN_POINT ( 'NONE',  ( 0.09199999999999997069, 0.02567481512970726590, 0.06500000000000004385 ) ) ;
#2833 = LINE ( 'NONE', #753, #2910 ) ;
#2834 = ORIENTED_EDGE ( 'NONE', *, *, #334, .F. ) ;
#2835 = SURFACE_STYLE_FILL_AREA ( #1042 ) ;
#2836 = DIRECTION ( 'NONE',  ( 1.000000000000000000, 0.0000000000000000000, 0.0000000000000000000 ) ) ;
#2837 = EDGE_LOOP ( 'NONE', ( #119, #1591, #2991, #3022 ) ) ;
#2838 = PRESENTATION_STYLE_ASSIGNMENT (( #2823 ) ) ;
#2839 =( CONVERSION_BASED_UNIT ( 'INCH', #11 ) LENGTH_UNIT ( ) NAMED_UNIT ( #1928 ) );
#2840 = EDGE_CURVE ( 'NONE', #2959, #2788, #1492, .T. ) ;
#2841 = ORIENTED_EDGE ( 'NONE', *, *, #3135, .T. ) ;
#2842 = CARTESIAN_POINT ( 'NONE',  ( 0.1389999999999999847, 0.3151148981521642023, 0.05250287455539368042 ) ) ;
#2843 = VERTEX_POINT ( 'NONE', #2344 ) ;
#2844 = CARTESIAN_POINT ( 'NONE',  ( 0.1389999999999999847, 0.3003251848702927496, 0.05000000000000004441 ) ) ;
#2845 = DIRECTION ( 'NONE',  ( 1.000000000000000000, 0.0000000000000000000, 0.0000000000000000000 ) ) ;
#2846 = DIMENSIONAL_EXPONENTS ( 1.000000000000000000, 0.0000000000000000000, 0.0000000000000000000, 0.0000000000000000000, 0.0000000000000000000, 0.0000000000000000000, 0.0000000000000000000 ) ;
#2847 = VECTOR ( 'NONE', #1150, 39.37007874015748143 ) ;
#2848 = ADVANCED_FACE ( 'NONE', ( #1035 ), #1838, .F. ) ;
#2849 = DIRECTION ( 'NONE',  ( -0.0000000000000000000, 1.000000000000000000, -0.0000000000000000000 ) ) ;
#2850 = CARTESIAN_POINT ( 'NONE',  ( 0.1389999999999999847, 0.3151148981521642023, 0.05250287455539367348 ) ) ;
#2851 = UNCERTAINTY_MEASURE_WITH_UNIT (LENGTH_MEASURE( 1.000000000000000082E-05 ), #1926, 'distance_accuracy_value', 'NONE');
#2852 = VECTOR ( 'NONE', #2388, 39.37007874015748854 ) ;
#2853 = AXIS2_PLACEMENT_3D ( 'NONE', #3040, #1209, #919 ) ;
#2854 = DIRECTION ( 'NONE',  ( -1.000000000000000000, 0.0000000000000000000, 0.0000000000000000000 ) ) ;
#2855 = ORIENTED_EDGE ( 'NONE', *, *, #2402, .F. ) ;
#2856 = CARTESIAN_POINT ( 'NONE',  ( 0.09199999999999997069, 0.3366748151297072056, -0.01000000000000000021 ) ) ;
#2857 =( CONVERSION_BASED_UNIT ( 'INCH', #2363 ) LENGTH_UNIT ( ) NAMED_UNIT ( #3259 ) );
#2858 = FACE_OUTER_BOUND ( 'NONE', #2236, .T. ) ;
#2859 = VERTEX_POINT ( 'NONE', #64 ) ;
#2860 = DIRECTION ( 'NONE',  ( 0.0000000000000000000, -0.1668583036929084107, -0.9859808854580930371 ) ) ;
#2861 = VECTOR ( 'NONE', #3068, 39.37007874015748143 ) ;
#2862 = CARTESIAN_POINT ( 'NONE',  ( 0.09199999999999997069, 0.3366748151297072056, 0.0000000000000000000 ) ) ;
#2863 = AXIS2_PLACEMENT_3D ( 'NONE', #3287, #192, #3318 ) ;
#2864 = ORIENTED_EDGE ( 'NONE', *, *, #164, .F. ) ;
#2865 = FILL_AREA_STYLE_COLOUR ( '', #1680 ) ;
#2866 = ADVANCED_FACE ( 'NONE', ( #2921 ), #2383, .F. ) ;
#2867 = FILL_AREA_STYLE ('',( #986 ) ) ;
#2868 = VECTOR ( 'NONE', #3155, 39.37007874015748854 ) ;
#2869 = PRESENTATION_LAYER_ASSIGNMENT (  '', '', ( #1510 ) ) ;
#2870 = CIRCLE ( 'NONE', #1562, 0.004999999999999997502 ) ;
#2871 =( GEOMETRIC_REPRESENTATION_CONTEXT ( 3 ) GLOBAL_UNCERTAINTY_ASSIGNED_CONTEXT ( ( #167 ) ) GLOBAL_UNIT_ASSIGNED_CONTEXT ( ( #1363, #2191, #611 ) ) REPRESENTATION_CONTEXT ( 'NONE', 'WORKASPACE' ) );
#2872 = CARTESIAN_POINT ( 'NONE',  ( 0.03899999999999996525, -0.01067481512970724737, 0.01500000000000000465 ) ) ;
#2873 = CARTESIAN_POINT ( 'NONE',  ( 0.004682509528572100649, 0.05562821319943792725, 0.1380000000000160820 ) ) ;
#2874 = LINE ( 'NONE', #2549, #2794 ) ;
#2875 = DIMENSIONAL_EXPONENTS ( 1.000000000000000000, 0.0000000000000000000, 0.0000000000000000000, 0.0000000000000000000, 0.0000000000000000000, 0.0000000000000000000, 0.0000000000000000000 ) ;
#2876 = ORIENTED_EDGE ( 'NONE', *, *, #1048, .F. ) ;
#2877 = PRESENTATION_STYLE_ASSIGNMENT (( #1851 ) ) ;
#2878 = CARTESIAN_POINT ( 'NONE',  ( 0.1503132368708144651, 0.03499999999999998251, 0.1380000000000000115 ) ) ;
#2879 = DIRECTION ( 'NONE',  ( -1.000000000000000000, 0.0000000000000000000, 0.0000000000000000000 ) ) ;
#2880 = PRESENTATION_STYLE_ASSIGNMENT (( #2381 ) ) ;
#2881 = STYLED_ITEM ( 'NONE', ( #1374 ), #2719 ) ;
#2882 = STYLED_ITEM ( 'NONE', ( #989 ), #2631 ) ;
#2883 = PLANE ( 'NONE',  #2903 ) ;
#2884 = LINE ( 'NONE', #38, #2367 ) ;
#2885 = DIMENSIONAL_EXPONENTS ( 1.000000000000000000, 0.0000000000000000000, 0.0000000000000000000, 0.0000000000000000000, 0.0000000000000000000, 0.0000000000000000000, 0.0000000000000000000 ) ;
#2886 = ORIENTED_EDGE ( 'NONE', *, *, #480, .F. ) ;
#2887 = SURFACE_SIDE_STYLE ('',( #1863 ) ) ;
#2888 = DIRECTION ( 'NONE',  ( 0.0000000000000000000, 0.0000000000000000000, 1.000000000000000000 ) ) ;
#2889 = PLANE ( 'NONE',  #2930 ) ;
#2890 = EDGE_CURVE ( 'NONE', #525, #1012, #1308, .T. ) ;
#2891 = ORIENTED_EDGE ( 'NONE', *, *, #42, .T. ) ;
#2892 = LENGTH_MEASURE_WITH_UNIT ( LENGTH_MEASURE( 0.02539999999999999897 ), #2614 );
#2893 = CARTESIAN_POINT ( 'NONE',  ( 0.1389999999999999847, 0.02567481512970726590, 0.05000000000000004441 ) ) ;
#2894 = FILL_AREA_STYLE_COLOUR ( '', #2100 ) ;
#2895 = PRESENTATION_STYLE_ASSIGNMENT (( #743 ) ) ;
#2896 = SURFACE_STYLE_USAGE ( .BOTH. , #3123 ) ;
#2897 =( NAMED_UNIT ( * ) PLANE_ANGLE_UNIT ( ) SI_UNIT ( $, .RADIAN. ) );
#2898 = DIRECTION ( 'NONE',  ( -1.000000000000000000, 0.0000000000000000000, 0.0000000000000000000 ) ) ;
#2899 = SURFACE_STYLE_USAGE ( .BOTH. , #2371 ) ;
#2900 = EDGE_LOOP ( 'NONE', ( #1683, #174, #1152, #2120 ) ) ;
#2901 = CYLINDRICAL_SURFACE ( 'NONE', #3391, 0.004999999999999997502 ) ;
#2902 = FILL_AREA_STYLE_COLOUR ( '', #2754 ) ;
#2903 = AXIS2_PLACEMENT_3D ( 'NONE', #138, #1973, #3312 ) ;
#2904 = DIMENSIONAL_EXPONENTS ( 1.000000000000000000, 0.0000000000000000000, 0.0000000000000000000, 0.0000000000000000000, 0.0000000000000000000, 0.0000000000000000000, 0.0000000000000000000 ) ;
#2905 = ORIENTED_EDGE ( 'NONE', *, *, #547, .T. ) ;
#2906 = DIRECTION ( 'NONE',  ( 0.0000000000000000000, 0.0000000000000000000, -1.000000000000000000 ) ) ;
#2907 = DIRECTION ( 'NONE',  ( 0.0000000000000000000, -0.08715574274766532681, -0.9961946980917448791 ) ) ;
#2908 = VECTOR ( 'NONE', #1533, 39.37007874015748143 ) ;
#2909 = EDGE_CURVE ( 'NONE', #1148, #1577, #3160, .T. ) ;
#2910 = VECTOR ( 'NONE', #767, 39.37007874015748143 ) ;
#2911 = PRESENTATION_LAYER_ASSIGNMENT (  '', '', ( #3037 ) ) ;
#2912 = CARTESIAN_POINT ( 'NONE',  ( -0.008000000000000036596, -0.01067481512970724737, 0.01500000000000000465 ) ) ;
#2913 = EDGE_LOOP ( 'NONE', ( #3238, #1110, #838, #2336 ) ) ;
#2914 = AXIS2_PLACEMENT_3D ( 'NONE', #554, #2384, #65 ) ;
#2915 = DIRECTION ( 'NONE',  ( -1.000000000000000000, 0.0000000000000000000, -0.0000000000000000000 ) ) ;
#2916 = CARTESIAN_POINT ( 'NONE',  ( -0.008000000000000036596, 0.3629999999999999893, -0.01000000000000000021 ) ) ;
#2917 = ADVANCED_FACE ( 'NONE', ( #1872 ), #2883, .T. ) ;
#2918 = EDGE_CURVE ( 'NONE', #1894, #307, #1450, .T. ) ;
#2919 = COLOUR_RGB ( '',0.7529411764705882248, 0.7529411764705882248, 0.7529411764705882248 ) ;
#2920 = EDGE_LOOP ( 'NONE', ( #1305, #3296, #2876, #2405 ) ) ;
#2921 = FACE_OUTER_BOUND ( 'NONE', #983, .T. ) ;
#2922 = STYLED_ITEM ( 'NONE', ( #1978 ), #2201 ) ;
#2923 = LENGTH_MEASURE_WITH_UNIT ( LENGTH_MEASURE( 0.02539999999999999897 ), #318 );
#2924 = UNCERTAINTY_MEASURE_WITH_UNIT (LENGTH_MEASURE( 1.000000000000000082E-05 ), #1171, 'distance_accuracy_value', 'NONE');
#2925 = VECTOR ( 'NONE', #3376, 39.37007874015748854 ) ;
#2926 =( NAMED_UNIT ( * ) SI_UNIT ( $, .STERADIAN. ) SOLID_ANGLE_UNIT ( ) );
#2927 = SURFACE_SIDE_STYLE ('',( #1891 ) ) ;
#2928 = SURFACE_STYLE_FILL_AREA ( #1360 ) ;
#2929 = AXIS2_PLACEMENT_3D ( 'NONE', #2893, #2075, #2062 ) ;
#2930 = AXIS2_PLACEMENT_3D ( 'NONE', #2850, #1246, #2293 ) ;
#2931 = EDGE_LOOP ( 'NONE', ( #3280, #3125, #1789, #3136 ) ) ;
#2932 = CARTESIAN_POINT ( 'NONE',  ( 0.1389999999999999847, -0.03699999999999996347, 0.0000000000000000000 ) ) ;
#2933 = AXIS2_PLACEMENT_3D ( 'NONE', #3026, #165, #3322 ) ;
#2934 = LENGTH_MEASURE_WITH_UNIT ( LENGTH_MEASURE( 0.02539999999999999897 ), #2993 );
#2935 = DIRECTION ( 'NONE',  ( -0.0000000000000000000, 1.000000000000000000, -0.0000000000000000000 ) ) ;
#2936 = ORIENTED_EDGE ( 'NONE', *, *, #1032, .F. ) ;
#2937 = LINE ( 'NONE', #581, #241 ) ;
#2938 =( NAMED_UNIT ( * ) PLANE_ANGLE_UNIT ( ) SI_UNIT ( $, .RADIAN. ) );
#2939 = EDGE_CURVE ( 'NONE', #1144, #1071, #2492, .T. ) ;
#2940 =( NAMED_UNIT ( * ) PLANE_ANGLE_UNIT ( ) SI_UNIT ( $, .RADIAN. ) );
#2941 = PRESENTATION_LAYER_ASSIGNMENT (  '', '', ( #2881 ) ) ;
#2942 = VECTOR ( 'NONE', #1039, 39.37007874015748143 ) ;
#2943 = CARTESIAN_POINT ( 'NONE',  ( -0.008000000000000036596, 0.3629999999999999893, 0.0000000000000000000 ) ) ;
#2944 = LENGTH_MEASURE_WITH_UNIT ( LENGTH_MEASURE( 0.02539999999999999897 ), #835 );
#2945 = DIRECTION ( 'NONE',  ( 1.000000000000000000, -0.0000000000000000000, -0.0000000000000000000 ) ) ;
#2946 = ORIENTED_EDGE ( 'NONE', *, *, #1027, .F. ) ;
#2947 = LENGTH_MEASURE_WITH_UNIT ( LENGTH_MEASURE( 0.02539999999999999897 ), #3186 );
#2948 = DIRECTION ( 'NONE',  ( -1.000000000000000000, -0.0000000000000000000, -0.0000000000000000000 ) ) ;
#2949 = EDGE_LOOP ( 'NONE', ( #940, #154, #2045, #1398 ) ) ;
#2950 = DIRECTION ( 'NONE',  ( 1.000000000000000000, 0.0000000000000000000, 0.0000000000000000000 ) ) ;
#2951 = CARTESIAN_POINT ( 'NONE',  ( 0.03899999999999996525, -0.03699999999999997735, -0.01000000000000000021 ) ) ;
#2952 = SURFACE_SIDE_STYLE ('',( #1705 ) ) ;
#2953 = FACE_OUTER_BOUND ( 'NONE', #2920, .T. ) ;
#2954 = MECHANICAL_DESIGN_GEOMETRIC_PRESENTATION_REPRESENTATION (  '', ( #2669 ), #454 ) ;
#2955 = DIRECTION ( 'NONE',  ( -1.000000000000000000, -0.0000000000000000000, -0.0000000000000000000 ) ) ;
#2956 = CARTESIAN_POINT ( 'NONE',  ( 0.09199999999999997069, 0.3003251848702927496, 0.05000000000000004441 ) ) ;
#2957 = EDGE_CURVE ( 'NONE', #2681, #1180, #1939, .T. ) ;
#2958 = DIMENSIONAL_EXPONENTS ( 1.000000000000000000, 0.0000000000000000000, 0.0000000000000000000, 0.0000000000000000000, 0.0000000000000000000, 0.0000000000000000000, 0.0000000000000000000 ) ;
#2959 = VERTEX_POINT ( 'NONE', #1130 ) ;
#2960 = PLANE ( 'NONE',  #901 ) ;
#2961 = DIRECTION ( 'NONE',  ( 1.179147096712820967E-16, -1.000000000000000000, 0.0000000000000000000 ) ) ;
#2962 =( NAMED_UNIT ( * ) PLANE_ANGLE_UNIT ( ) SI_UNIT ( $, .RADIAN. ) );
#2963 = EDGE_CURVE ( 'NONE', #1144, #399, #1722, .T. ) ;
#2964 = ORIENTED_EDGE ( 'NONE', *, *, #71, .T. ) ;
#2965 = CARTESIAN_POINT ( 'NONE',  ( 0.03899999999999996525, -0.03699999999999997735, -0.01000000000000000021 ) ) ;
#2966 = SURFACE_STYLE_USAGE ( .BOTH. , #2174 ) ;
#2967 = DIRECTION ( 'NONE',  ( -1.000000000000000000, 0.0000000000000000000, 0.0000000000000000000 ) ) ;
#2968 = AXIS2_PLACEMENT_3D ( 'NONE', #3350, #1254, #2050 ) ;
#2969 = ORIENTED_EDGE ( 'NONE', *, *, #1561, .F. ) ;
#2970 = DIRECTION ( 'NONE',  ( 0.0000000000000000000, 0.0000000000000000000, 1.000000000000000000 ) ) ;
#2971 = FILL_AREA_STYLE_COLOUR ( '', #2591 ) ;
#2972 = CARTESIAN_POINT ( 'NONE',  ( 0.01468250952857210086, 0.05562821319943792725, 0.1330000000000160776 ) ) ;
#2973 = DIMENSIONAL_EXPONENTS ( 1.000000000000000000, 0.0000000000000000000, 0.0000000000000000000, 0.0000000000000000000, 0.0000000000000000000, 0.0000000000000000000, 0.0000000000000000000 ) ;
#2974 = VECTOR ( 'NONE', #3021, 39.37007874015748143 ) ;
#2975 = EDGE_LOOP ( 'NONE', ( #2189, #1560, #102, #2064, #1517, #874, #3293, #322, #2721, #342, #2864, #694 ) ) ;
#2976 =( LENGTH_UNIT ( ) NAMED_UNIT ( * ) SI_UNIT ( $, .METRE. ) );
#2977 = FACE_OUTER_BOUND ( 'NONE', #725, .T. ) ;
#2978 = STYLED_ITEM ( 'NONE', ( #3085 ), #291 ) ;
#2979 = PRESENTATION_LAYER_ASSIGNMENT (  '', '', ( #3267 ) ) ;
#2980 = EDGE_LOOP ( 'NONE', ( #2613, #106, #1689, #2585 ) ) ;
#2981 = EDGE_CURVE ( 'NONE', #890, #2182, #909, .T. ) ;
#2982 =( CONVERSION_BASED_UNIT ( 'INCH', #1416 ) LENGTH_UNIT ( ) NAMED_UNIT ( #2826 ) );
#2983 = PRESENTATION_LAYER_ASSIGNMENT (  '', '', ( #3212 ) ) ;
#2984 =( LENGTH_UNIT ( ) NAMED_UNIT ( * ) SI_UNIT ( $, .METRE. ) );
#2985 = SURFACE_SIDE_STYLE ('',( #658 ) ) ;
#2986 = VECTOR ( 'NONE', #2522, 39.37007874015748143 ) ;
#2987 = CARTESIAN_POINT ( 'NONE',  ( 0.03899999999999996525, 0.2853132368708144462, 6.552215825454387752E-19 ) ) ;
#2988 = DIMENSIONAL_EXPONENTS ( 1.000000000000000000, 0.0000000000000000000, 0.0000000000000000000, 0.0000000000000000000, 0.0000000000000000000, 0.0000000000000000000, 0.0000000000000000000 ) ;
#2989 = ADVANCED_FACE ( 'NONE', ( #2977 ), #2004, .T. ) ;
#2990 = MANIFOLD_SOLID_BREP ( 'Mirror1', #340 ) ;
#2991 = ORIENTED_EDGE ( 'NONE', *, *, #2593, .F. ) ;
#2992 = FILL_AREA_STYLE_COLOUR ( '', #3314 ) ;
#2993 =( LENGTH_UNIT ( ) NAMED_UNIT ( * ) SI_UNIT ( $, .METRE. ) );
#2994 = SURFACE_SIDE_STYLE ('',( #1159 ) ) ;
#2995 = AXIS2_PLACEMENT_3D ( 'NONE', #200, #2552, #1187 ) ;
#2996 = AXIS2_PLACEMENT_3D ( 'NONE', #1536, #3356, #1831 ) ;
#2997 = CARTESIAN_POINT ( 'NONE',  ( 0.03899999999999996525, 0.3003251848702927496, 0.05500000000000004191 ) ) ;
#2998 = VERTEX_POINT ( 'NONE', #997 ) ;
#2999 =( LENGTH_UNIT ( ) NAMED_UNIT ( * ) SI_UNIT ( $, .METRE. ) );
#3000 = CIRCLE ( 'NONE', #409, 0.02500000000000000139 ) ;
#3001 = FILL_AREA_STYLE ('',( #2971 ) ) ;
#3002 =( CONVERSION_BASED_UNIT ( 'INCH', #1146 ) LENGTH_UNIT ( ) NAMED_UNIT ( #1172 ) );
#3003 = SURFACE_SIDE_STYLE ('',( #1662 ) ) ;
#3004 = UNCERTAINTY_MEASURE_WITH_UNIT (LENGTH_MEASURE( 1.000000000000000082E-05 ), #77, 'distance_accuracy_value', 'NONE');
#3005 = ORIENTED_EDGE ( 'NONE', *, *, #923, .F. ) ;
#3006 = CARTESIAN_POINT ( 'NONE',  ( 0.09199999999999997069, 0.01088510184783587041, 0.05250287455539367348 ) ) ;
#3007 = LINE ( 'NONE', #371, #834 ) ;
#3008 = VECTOR ( 'NONE', #3182, 39.37007874015748143 ) ;
#3009 = FACE_OUTER_BOUND ( 'NONE', #1645, .T. ) ;
#3010 = CARTESIAN_POINT ( 'NONE',  ( 0.1560000000000000275, 0.2910000000000000364, 0.06500000000000004385 ) ) ;
#3011 = CYLINDRICAL_SURFACE ( 'NONE', #2800, 0.02500000000000000486 ) ;
#3012 = UNCERTAINTY_MEASURE_WITH_UNIT (LENGTH_MEASURE( 1.000000000000000082E-05 ), #2747, 'distance_accuracy_value', 'NONE');
#3013 = ADVANCED_FACE ( 'NONE', ( #745 ), #2701, .T. ) ;
#3014 = CARTESIAN_POINT ( 'NONE',  ( -0.008000000000000036596, -0.01067481512970724737, 0.0000000000000000000 ) ) ;
#3015 = ORIENTED_EDGE ( 'NONE', *, *, #2111, .F. ) ;
#3016 =( NAMED_UNIT ( * ) PLANE_ANGLE_UNIT ( ) SI_UNIT ( $, .RADIAN. ) );
#3017 = DIRECTION ( 'NONE',  ( 1.000000000000000000, 0.0000000000000000000, 0.0000000000000000000 ) ) ;
#3018 =( NAMED_UNIT ( * ) PLANE_ANGLE_UNIT ( ) SI_UNIT ( $, .RADIAN. ) );
#3019 =( LENGTH_UNIT ( ) NAMED_UNIT ( * ) SI_UNIT ( $, .METRE. ) );
#3020 = CARTESIAN_POINT ( 'NONE',  ( 0.03899999999999996525, 0.3366748151297073166, 0.0000000000000000000 ) ) ;
#3021 = DIRECTION ( 'NONE',  ( -1.000000000000000000, -1.179147096712820967E-16, 0.0000000000000000000 ) ) ;
#3022 = ORIENTED_EDGE ( 'NONE', *, *, #528, .T. ) ;
#3023 = DIRECTION ( 'NONE',  ( 1.000000000000000000, 1.179147096712820967E-16, 0.0000000000000000000 ) ) ;
#3024 = CARTESIAN_POINT ( 'NONE',  ( 0.03899999999999996525, 0.02567481512970725202, 0.05500000000000004191 ) ) ;
#3025 = ORIENTED_EDGE ( 'NONE', *, *, #2227, .F. ) ;
#3026 = CARTESIAN_POINT ( 'NONE',  ( 0.1389999999999999847, 0.3366748151297072056, 0.01500000000000000465 ) ) ;
#3027 =( LENGTH_UNIT ( ) NAMED_UNIT ( * ) SI_UNIT ( $, .METRE. ) );
#3028 = ORIENTED_EDGE ( 'NONE', *, *, #3336, .T. ) ;
#3029 = ADVANCED_FACE ( 'NONE', ( #2032 ), #2047, .F. ) ;
#3030 = CARTESIAN_POINT ( 'NONE',  ( 0.1389999999999999847, -0.01067481512970723349, 2.134256245050205639E-18 ) ) ;
#3031 = MECHANICAL_DESIGN_GEOMETRIC_PRESENTATION_REPRESENTATION (  '', ( #2136 ), #2140 ) ;
#3032 = EDGE_CURVE ( 'NONE', #2480, #2681, #1613, .T. ) ;
#3033 = CARTESIAN_POINT ( 'NONE',  ( -0.008000000000000036596, -0.03699999999999997735, -0.01000000000000000021 ) ) ;
#3034 = VECTOR ( 'NONE', #490, 39.37007874015748143 ) ;
#3035 = STYLED_ITEM ( 'NONE', ( #2291 ), #2250 ) ;
#3036 = UNCERTAINTY_MEASURE_WITH_UNIT (LENGTH_MEASURE( 1.000000000000000082E-05 ), #2463, 'distance_accuracy_value', 'NONE');
#3037 = STYLED_ITEM ( 'NONE', ( #1478 ), #1277 ) ;
#3038 = CARTESIAN_POINT ( 'NONE',  ( -0.02500000000000003608, 0.2910000000000000364, 0.07299999999999996769 ) ) ;
#3039 = DIRECTION ( 'NONE',  ( -1.000000000000000000, 0.0000000000000000000, -0.0000000000000000000 ) ) ;
#3040 = CARTESIAN_POINT ( 'NONE',  ( 0.09199999999999997069, 0.3003251848702927496, 0.05000000000000004441 ) ) ;
#3041 = AXIS2_PLACEMENT_3D ( 'NONE', #67, #1976, #1119 ) ;
#3042 = MECHANICAL_DESIGN_GEOMETRIC_PRESENTATION_REPRESENTATION (  '', ( #3212 ), #2745 ) ;
#3043 = CARTESIAN_POINT ( 'NONE',  ( 0.03899999999999996525, 0.02074491070241678975, 0.05083429151846458743 ) ) ;
#3044 = CARTESIAN_POINT ( 'NONE',  ( 0.03899999999999996525, 0.3629999999999999893, -0.01000000000000000021 ) ) ;
#3045 = VECTOR ( 'NONE', #764, 39.37007874015748143 ) ;
#3046 = UNCERTAINTY_MEASURE_WITH_UNIT (LENGTH_MEASURE( 1.000000000000000082E-05 ), #1644, 'distance_accuracy_value', 'NONE');
#3047 = CARTESIAN_POINT ( 'NONE',  ( 0.03899999999999996525, 0.3003251848702927496, 0.05500000000000004191 ) ) ;
#3048 =( NAMED_UNIT ( * ) PLANE_ANGLE_UNIT ( ) SI_UNIT ( $, .RADIAN. ) );
#3049 = DIRECTION ( 'NONE',  ( 0.0000000000000000000, -0.1668583036929084107, 0.9859808854580930371 ) ) ;
#3050 = VECTOR ( 'NONE', #1920, 39.37007874015748143 ) ;
#3051 =( GEOMETRIC_REPRESENTATION_CONTEXT ( 3 ) GLOBAL_UNCERTAINTY_ASSIGNED_CONTEXT ( ( #1206 ) ) GLOBAL_UNIT_ASSIGNED_CONTEXT ( ( #2857, #2061, #1259 ) ) REPRESENTATION_CONTEXT ( 'NONE', 'WORKASPACE' ) );
#3052 = VECTOR ( 'NONE', #96, 39.37007874015748143 ) ;
#3053 = STYLED_ITEM ( 'NONE', ( #1896 ), #1814 ) ;
#3054 = VERTEX_POINT ( 'NONE', #263 ) ;
#3055 = SURFACE_STYLE_FILL_AREA ( #3345 ) ;
#3056 = DIRECTION ( 'NONE',  ( -1.000000000000000000, 0.0000000000000000000, 0.0000000000000000000 ) ) ;
#3057 = ORIENTED_EDGE ( 'NONE', *, *, #1127, .T. ) ;
#3058 = DIRECTION ( 'NONE',  ( -0.0000000000000000000, -1.000000000000000000, -0.0000000000000000000 ) ) ;
#3059 = PLANE ( 'NONE',  #476 ) ;
#3060 = LINE ( 'NONE', #1489, #1681 ) ;
#3061 = LINE ( 'NONE', #1730, #1729 ) ;
#3062 = PLANE ( 'NONE',  #739 ) ;
#3063 =( GEOMETRIC_REPRESENTATION_CONTEXT ( 3 ) GLOBAL_UNCERTAINTY_ASSIGNED_CONTEXT ( ( #655 ) ) GLOBAL_UNIT_ASSIGNED_CONTEXT ( ( #363, #1125, #3237 ) ) REPRESENTATION_CONTEXT ( 'NONE', 'WORKASPACE' ) );
#3064 = EDGE_LOOP ( 'NONE', ( #2068, #768, #1405, #1184 ) ) ;
#3065 = DIRECTION ( 'NONE',  ( 0.0000000000000000000, 1.000000000000000000, 0.0000000000000000000 ) ) ;
#3066 = LENGTH_MEASURE_WITH_UNIT ( LENGTH_MEASURE( 0.02539999999999999897 ), #1186 );
#3067 = ORIENTED_EDGE ( 'NONE', *, *, #2058, .T. ) ;
#3068 = DIRECTION ( 'NONE',  ( -1.000000000000000000, -0.0000000000000000000, -0.0000000000000000000 ) ) ;
#3069 = PRESENTATION_STYLE_ASSIGNMENT (( #2339 ) ) ;
#3070 = ORIENTED_EDGE ( 'NONE', *, *, #2453, .T. ) ;
#3071 = LENGTH_MEASURE_WITH_UNIT ( LENGTH_MEASURE( 0.02539999999999999897 ), #747 );
#3072 = ADVANCED_FACE ( 'NONE', ( #297 ), #50, .T. ) ;
#3073 =( LENGTH_UNIT ( ) NAMED_UNIT ( * ) SI_UNIT ( $, .METRE. ) );
#3074 =( CONVERSION_BASED_UNIT ( 'INCH', #2027 ) LENGTH_UNIT ( ) NAMED_UNIT ( #17 ) );
#3075 = DIRECTION ( 'NONE',  ( -1.000000000000000000, 0.0000000000000000000, 0.0000000000000000000 ) ) ;
#3076 = SURFACE_STYLE_FILL_AREA ( #1158 ) ;
#3077 = EDGE_CURVE ( 'NONE', #2239, #2097, #12, .T. ) ;
#3078 = FACE_OUTER_BOUND ( 'NONE', #2431, .T. ) ;
#3079 =( LENGTH_UNIT ( ) NAMED_UNIT ( * ) SI_UNIT ( $, .METRE. ) );
#3080 =( NAMED_UNIT ( * ) PLANE_ANGLE_UNIT ( ) SI_UNIT ( $, .RADIAN. ) );
#3081 = EDGE_LOOP ( 'NONE', ( #1506, #2540, #256, #1597 ) ) ;
#3082 = DIRECTION ( 'NONE',  ( -0.0000000000000000000, 0.0000000000000000000, -1.000000000000000000 ) ) ;
#3083 =( GEOMETRIC_REPRESENTATION_CONTEXT ( 3 ) GLOBAL_UNCERTAINTY_ASSIGNED_CONTEXT ( ( #385 ) ) GLOBAL_UNIT_ASSIGNED_CONTEXT ( ( #2523, #1581, #373 ) ) REPRESENTATION_CONTEXT ( 'NONE', 'WORKASPACE' ) );
#3084 = VERTEX_POINT ( 'NONE', #3174 ) ;
#3085 = PRESENTATION_STYLE_ASSIGNMENT (( #1990 ) ) ;
#3086 = CARTESIAN_POINT ( 'NONE',  ( 0.1389999999999999847, -0.03699999999999996347, -0.01000000000000000021 ) ) ;
#3087 = CIRCLE ( 'NONE', #615, 0.01000000000000000021 ) ;
#3088 = ADVANCED_FACE ( 'NONE', ( #1422 ), #2460, .T. ) ;
#3089 = MECHANICAL_DESIGN_GEOMETRIC_PRESENTATION_REPRESENTATION (  '', ( #449 ), #2795 ) ;
#3090 = SURFACE_STYLE_FILL_AREA ( #2346 ) ;
#3091 = ADVANCED_FACE ( 'NONE', ( #2772 ), #3011, .T. ) ;
#3092 = SURFACE_STYLE_FILL_AREA ( #2042 ) ;
#3093 = ORIENTED_EDGE ( 'NONE', *, *, #585, .F. ) ;
#3094 =( NAMED_UNIT ( * ) SI_UNIT ( $, .STERADIAN. ) SOLID_ANGLE_UNIT ( ) );
#3095 = PRESENTATION_STYLE_ASSIGNMENT (( #3151 ) ) ;
#3096 = COLOUR_RGB ( '',0.7529411764705882248, 0.7529411764705882248, 0.7529411764705882248 ) ;
#3097 = LINE ( 'NONE', #2580, #3274 ) ;
#3098 = VECTOR ( 'NONE', #1539, 39.37007874015748143 ) ;
#3099 = VERTEX_POINT ( 'NONE', #3324 ) ;
#3100 = VECTOR ( 'NONE', #2139, 39.37007874015748143 ) ;
#3101 = LENGTH_MEASURE_WITH_UNIT ( LENGTH_MEASURE( 0.02539999999999999897 ), #537 );
#3102 = SURFACE_SIDE_STYLE ('',( #1306 ) ) ;
#3103 = LINE ( 'NONE', #1434, #76 ) ;
#3104 = CARTESIAN_POINT ( 'NONE',  ( -0.02500000000000003608, 0.2910000000000000364, 0.06500000000000004385 ) ) ;
#3105 = CIRCLE ( 'NONE', #2326, 0.01499999999999999944 ) ;
#3106 = STYLED_ITEM ( 'NONE', ( #222 ), #1967 ) ;
#3107 = VERTEX_POINT ( 'NONE', #2214 ) ;
#3108 = PRESENTATION_STYLE_ASSIGNMENT (( #1805 ) ) ;
#3109 = DIRECTION ( 'NONE',  ( -1.000000000000000000, -0.0000000000000000000, -0.0000000000000000000 ) ) ;
#3110 = CARTESIAN_POINT ( 'NONE',  ( -0.01931323687081450829, 0.2910000000000000364, 0.0000000000000000000 ) ) ;
#3111 = DIMENSIONAL_EXPONENTS ( 1.000000000000000000, 0.0000000000000000000, 0.0000000000000000000, 0.0000000000000000000, 0.0000000000000000000, 0.0000000000000000000, 0.0000000000000000000 ) ;
#3112 = CARTESIAN_POINT ( 'NONE',  ( -0.008000000000000036596, 0.3003251848702927496, 0.05500000000000004191 ) ) ;
#3113 = LINE ( 'NONE', #752, #1239 ) ;
#3114 = DIRECTION ( 'NONE',  ( 0.0000000000000000000, 0.0000000000000000000, -1.000000000000000000 ) ) ;
#3115 = CARTESIAN_POINT ( 'NONE',  ( -0.008000000000000036596, 0.3003251848702927496, 0.06500000000000004385 ) ) ;
#3116 = DIRECTION ( 'NONE',  ( 0.0000000000000000000, 0.0000000000000000000, 1.000000000000000000 ) ) ;
#3117 = LINE ( 'NONE', #1592, #1576 ) ;
#3118 = ADVANCED_FACE ( 'NONE', ( #1181 ), #2231, .F. ) ;
#3119 = AXIS2_PLACEMENT_3D ( 'NONE', #323, #3222, #114 ) ;
#3120 = ORIENTED_EDGE ( 'NONE', *, *, #956, .T. ) ;
#3121 = CARTESIAN_POINT ( 'NONE',  ( -0.008000000000000036596, 0.2901251133647407277, 0.05500000000000004191 ) ) ;
#3122 = CARTESIAN_POINT ( 'NONE',  ( 0.09199999999999997069, 0.3003251848702927496, 0.06500000000000004385 ) ) ;
#3123 = SURFACE_SIDE_STYLE ('',( #1031 ) ) ;
#3124 =( NAMED_UNIT ( * ) SI_UNIT ( $, .STERADIAN. ) SOLID_ANGLE_UNIT ( ) );
#3125 = ORIENTED_EDGE ( 'NONE', *, *, #384, .F. ) ;
#3126 = ORIENTED_EDGE ( 'NONE', *, *, #2918, .T. ) ;
#3127 = SURFACE_SIDE_STYLE ('',( #1036 ) ) ;
#3128 = CARTESIAN_POINT ( 'NONE',  ( 0.03899999999999996525, -0.01067481512970724390, -0.01000000000000000021 ) ) ;
#3129 = FACE_OUTER_BOUND ( 'NONE', #1806, .T. ) ;
#3130 = LENGTH_MEASURE_WITH_UNIT ( LENGTH_MEASURE( 0.02539999999999999897 ), #2577 );
#3131 = VERTEX_POINT ( 'NONE', #295 ) ;
#3132 = LINE ( 'NONE', #1285, #967 ) ;
#3133 =( LENGTH_UNIT ( ) NAMED_UNIT ( * ) SI_UNIT ( $, .METRE. ) );
#3134 = DIRECTION ( 'NONE',  ( 0.0000000000000000000, 0.0000000000000000000, 1.000000000000000000 ) ) ;
#3135 = EDGE_CURVE ( 'NONE', #1012, #2741, #1337, .T. ) ;
#3136 = ORIENTED_EDGE ( 'NONE', *, *, #635, .F. ) ;
#3137 = CARTESIAN_POINT ( 'NONE',  ( 0.03899999999999996525, 0.3151148981521642023, 0.05250287455539367348 ) ) ;
#3138 = FILL_AREA_STYLE_COLOUR ( '', #3329 ) ;
#3139 = SURFACE_STYLE_USAGE ( .BOTH. , #2994 ) ;
#3140 = ORIENTED_EDGE ( 'NONE', *, *, #362, .T. ) ;
#3141 = CARTESIAN_POINT ( 'NONE',  ( -0.01931323687081450829, 0.2853132368708145017, 0.1380000000000000115 ) ) ;
#3142 = EDGE_CURVE ( 'NONE', #2321, #800, #1817, .T. ) ;
#3143 = CARTESIAN_POINT ( 'NONE',  ( -0.008000000000000036596, 0.02567481512970725202, 0.06500000000000004385 ) ) ;
#3144 =( GEOMETRIC_REPRESENTATION_CONTEXT ( 3 ) GLOBAL_UNCERTAINTY_ASSIGNED_CONTEXT ( ( #1414 ) ) GLOBAL_UNIT_ASSIGNED_CONTEXT ( ( #1295, #710, #778 ) ) REPRESENTATION_CONTEXT ( 'NONE', 'WORKASPACE' ) );
#3145 = DIRECTION ( 'NONE',  ( -0.0000000000000000000, 1.000000000000000000, -0.0000000000000000000 ) ) ;
#3146 =( LENGTH_UNIT ( ) NAMED_UNIT ( * ) SI_UNIT ( $, .METRE. ) );
#3147 = AXIS2_PLACEMENT_3D ( 'NONE', #1151, #910, #1191 ) ;
#3148 = CARTESIAN_POINT ( 'NONE',  ( 0.1389999999999999847, 0.3366748151297072056, -0.01000000000000000021 ) ) ;
#3149 = ORIENTED_EDGE ( 'NONE', *, *, #608, .F. ) ;
#3150 = FACE_OUTER_BOUND ( 'NONE', #1061, .T. ) ;
#3151 = SURFACE_STYLE_USAGE ( .BOTH. , #735 ) ;
#3152 = LINE ( 'NONE', #1575, #856 ) ;
#3153 = VECTOR ( 'NONE', #2125, 39.37007874015748143 ) ;
#3154 = ORIENTED_EDGE ( 'NONE', *, *, #2096, .T. ) ;
#3155 = DIRECTION ( 'NONE',  ( -0.08682659386425439774, 0.08682659386425464754, 0.9924325091389657461 ) ) ;
#3156 = LINE ( 'NONE', #1579, #1738 ) ;
#3157 = DIMENSIONAL_EXPONENTS ( 1.000000000000000000, 0.0000000000000000000, 0.0000000000000000000, 0.0000000000000000000, 0.0000000000000000000, 0.0000000000000000000, 0.0000000000000000000 ) ;
#3158 = CIRCLE ( 'NONE', #2853, 0.004999999999999997502 ) ;
#3159 = LENGTH_MEASURE_WITH_UNIT ( LENGTH_MEASURE( 0.02539999999999999897 ), #1884 );
#3160 = LINE ( 'NONE', #803, #660 ) ;
#3161 = AXIS2_PLACEMENT_3D ( 'NONE', #30, #3397, #2316 ) ;
#3162 = COLOUR_RGB ( '',0.2549019607843137081, 0.2549019607843137081, 0.2549019607843137081 ) ;
#3163 = ADVANCED_FACE ( 'NONE', ( #1834 ), #1870, .F. ) ;
#3164 = CIRCLE ( 'NONE', #1688, 0.01499999999999999944 ) ;
#3165 = COLOUR_RGB ( '',0.7529411764705882248, 0.7529411764705882248, 0.7529411764705882248 ) ;
#3166 = LINE ( 'NONE', #54, #1317 ) ;
#3167 =( NAMED_UNIT ( * ) SI_UNIT ( $, .STERADIAN. ) SOLID_ANGLE_UNIT ( ) );
#3168 = ORIENTED_EDGE ( 'NONE', *, *, #3188, .T. ) ;
#3169 = SURFACE_STYLE_FILL_AREA ( #2104 ) ;
#3170 = DIRECTION ( 'NONE',  ( -1.000000000000000000, -0.0000000000000000000, -0.0000000000000000000 ) ) ;
#3171 = VERTEX_POINT ( 'NONE', #1801 ) ;
#3172 = SURFACE_STYLE_FILL_AREA ( #758 ) ;
#3173 = LINE ( 'NONE', #772, #2682 ) ;
#3174 = CARTESIAN_POINT ( 'NONE',  ( 0.09199999999999997069, -0.01067481512970723349, 2.134256245050205639E-18 ) ) ;
#3175 = PRODUCT ( '4B0106E9-800C-4ACE-A178-1C20BDC59C8B', '4B0106E9-800C-4ACE-A178-1C20BDC59C8B', '', ( #495 ) ) ;
#3176 = DIRECTION ( 'NONE',  ( -1.000000000000000000, -0.0000000000000000000, -0.0000000000000000000 ) ) ;
#3177 =( LENGTH_UNIT ( ) NAMED_UNIT ( * ) SI_UNIT ( $, .METRE. ) );
#3178 = CARTESIAN_POINT ( 'NONE',  ( 0.03899999999999996525, 0.3003251848702927496, 0.05500000000000004191 ) ) ;
#3179 = ORIENTED_EDGE ( 'NONE', *, *, #40, .T. ) ;
#3180 = EDGE_CURVE ( 'NONE', #1929, #1420, #3398, .T. ) ;
#3181 =( NAMED_UNIT ( * ) SI_UNIT ( $, .STERADIAN. ) SOLID_ANGLE_UNIT ( ) );
#3182 = DIRECTION ( 'NONE',  ( 1.000000000000000000, 1.179147096712820720E-16, -0.0000000000000000000 ) ) ;
#3183 =( NAMED_UNIT ( * ) SI_UNIT ( $, .STERADIAN. ) SOLID_ANGLE_UNIT ( ) );
#3184 = EDGE_CURVE ( 'NONE', #2340, #2750, #3156, .T. ) ;
#3185 = EDGE_LOOP ( 'NONE', ( #1361, #444, #1331, #3278 ) ) ;
#3186 =( LENGTH_UNIT ( ) NAMED_UNIT ( * ) SI_UNIT ( $, .METRE. ) );
#3187 = CARTESIAN_POINT ( 'NONE',  ( 0.09199999999999997069, 0.3366748151297072056, 0.01500000000000000465 ) ) ;
#3188 = EDGE_CURVE ( 'NONE', #2859, #1894, #3191, .T. ) ;
#3189 = FILL_AREA_STYLE_COLOUR ( '', #1669 ) ;
#3190 = CARTESIAN_POINT ( 'NONE',  ( 0.2560000000000000053, 0.03500000000000003803, 0.06500000000000004385 ) ) ;
#3191 = LINE ( 'NONE', #80, #1746 ) ;
#3192 = DIMENSIONAL_EXPONENTS ( 1.000000000000000000, 0.0000000000000000000, 0.0000000000000000000, 0.0000000000000000000, 0.0000000000000000000, 0.0000000000000000000, 0.0000000000000000000 ) ;
#3193 = DIRECTION ( 'NONE',  ( 0.0000000000000000000, 1.000000000000000000, 0.0000000000000000000 ) ) ;
#3194 = ORIENTED_EDGE ( 'NONE', *, *, #2096, .F. ) ;
#3195 = PRESENTATION_STYLE_ASSIGNMENT (( #264 ) ) ;
#3196 = SURFACE_STYLE_USAGE ( .BOTH. , #2400 ) ;
#3197 = EDGE_LOOP ( 'NONE', ( #3316, #1912, #2524, #3214 ) ) ;
#3198 =( NAMED_UNIT ( * ) PLANE_ANGLE_UNIT ( ) SI_UNIT ( $, .RADIAN. ) );
#3199 =( CONVERSION_BASED_UNIT ( 'INCH', #1625 ) LENGTH_UNIT ( ) NAMED_UNIT ( #1919 ) );
#3200 = DIRECTION ( 'NONE',  ( -0.0000000000000000000, 0.08715574274766532681, 0.9961946980917448791 ) ) ;
#3201 = DIMENSIONAL_EXPONENTS ( 1.000000000000000000, 0.0000000000000000000, 0.0000000000000000000, 0.0000000000000000000, 0.0000000000000000000, 0.0000000000000000000, 0.0000000000000000000 ) ;
#3202 = ORIENTED_EDGE ( 'NONE', *, *, #1377, .F. ) ;
#3203 = DIRECTION ( 'NONE',  ( -1.000000000000000000, -0.0000000000000000000, 0.0000000000000000000 ) ) ;
#3204 = CARTESIAN_POINT ( 'NONE',  ( 0.1559999999999999998, 0.03500000000000002415, 0.07299999999999996769 ) ) ;
#3205 = COLOUR_RGB ( '',0.2549019607843137081, 0.2549019607843137081, 0.2549019607843137081 ) ;
#3206 = ADVANCED_FACE ( 'NONE', ( #99 ), #1145, .F. ) ;
#3207 = PRESENTATION_LAYER_ASSIGNMENT (  '', '', ( #1619 ) ) ;
#3208 = MECHANICAL_DESIGN_GEOMETRIC_PRESENTATION_REPRESENTATION (  '', ( #3037 ), #2311 ) ;
#3209 = ORIENTED_EDGE ( 'NONE', *, *, #484, .F. ) ;
#3210 = CARTESIAN_POINT ( 'NONE',  ( -0.008000000000000036596, 0.3366748151297073166, 0.0000000000000000000 ) ) ;
#3211 = COLOUR_RGB ( '',0.7529411764705882248, 0.7529411764705882248, 0.7529411764705882248 ) ;
#3212 = STYLED_ITEM ( 'NONE', ( #2895 ), #3163 ) ;
#3213 = DIRECTION ( 'NONE',  ( 0.0000000000000000000, 0.9859808854580930371, -0.1668583036929084384 ) ) ;
#3214 = ORIENTED_EDGE ( 'NONE', *, *, #675, .T. ) ;
#3215 =( NAMED_UNIT ( * ) PLANE_ANGLE_UNIT ( ) SI_UNIT ( $, .RADIAN. ) );
#3216 = MECHANICAL_DESIGN_GEOMETRIC_PRESENTATION_REPRESENTATION (  '', ( #1281 ), #1391 ) ;
#3217 = DIRECTION ( 'NONE',  ( -1.000000000000000000, 0.0000000000000000000, -0.0000000000000000000 ) ) ;
#3218 = ORIENTED_EDGE ( 'NONE', *, *, #693, .F. ) ;
#3219 = LINE ( 'NONE', #2965, #2378 ) ;
#3220 = STYLED_ITEM ( 'NONE', ( #73 ), #991 ) ;
#3221 = FACE_OUTER_BOUND ( 'NONE', #981, .T. ) ;
#3222 = DIRECTION ( 'NONE',  ( 0.0000000000000000000, 0.0000000000000000000, -1.000000000000000000 ) ) ;
#3223 = ORIENTED_EDGE ( 'NONE', *, *, #1526, .T. ) ;
#3224 = DIRECTION ( 'NONE',  ( 1.000000000000000000, 0.0000000000000000000, 0.0000000000000000000 ) ) ;
#3225 = LINE ( 'NONE', #619, #1116 ) ;
#3226 = DIMENSIONAL_EXPONENTS ( 1.000000000000000000, 0.0000000000000000000, 0.0000000000000000000, 0.0000000000000000000, 0.0000000000000000000, 0.0000000000000000000, 0.0000000000000000000 ) ;
#3227 =( CONVERSION_BASED_UNIT ( 'INCH', #2450 ) LENGTH_UNIT ( ) NAMED_UNIT ( #2846 ) );
#3228 = LINE ( 'NONE', #1922, #1946 ) ;
#3229 = EDGE_CURVE ( 'NONE', #1024, #1916, #1112, .T. ) ;
#3230 = EDGE_LOOP ( 'NONE', ( #2396, #1358 ) ) ;
#3231 = LINE ( 'NONE', #3006, #1268 ) ;
#3232 = DIRECTION ( 'NONE',  ( 1.000000000000000000, 0.0000000000000000000, 0.0000000000000000000 ) ) ;
#3233 = CARTESIAN_POINT ( 'NONE',  ( 0.1389999999999999847, -0.01067481512970723523, 0.0000000000000000000 ) ) ;
#3234 = DIMENSIONAL_EXPONENTS ( 1.000000000000000000, 0.0000000000000000000, 0.0000000000000000000, 0.0000000000000000000, 0.0000000000000000000, 0.0000000000000000000, 0.0000000000000000000 ) ;
#3235 = VERTEX_POINT ( 'NONE', #904 ) ;
#3236 = DIRECTION ( 'NONE',  ( 1.000000000000000000, 0.0000000000000000000, 0.0000000000000000000 ) ) ;
#3237 =( NAMED_UNIT ( * ) SI_UNIT ( $, .STERADIAN. ) SOLID_ANGLE_UNIT ( ) );
#3238 = ORIENTED_EDGE ( 'NONE', *, *, #1404, .T. ) ;
#3239 = CARTESIAN_POINT ( 'NONE',  ( 0.03899999999999996525, 0.3629999999999999893, -0.01000000000000000021 ) ) ;
#3240 = DIRECTION ( 'NONE',  ( 1.000000000000000000, -1.179147096712820967E-16, 0.0000000000000000000 ) ) ;
#3241 = EDGE_CURVE ( 'NONE', #1532, #903, #2870, .T. ) ;
#3242 =( NAMED_UNIT ( * ) SI_UNIT ( $, .STERADIAN. ) SOLID_ANGLE_UNIT ( ) );
#3243 = CARTESIAN_POINT ( 'NONE',  ( -0.02500000000000003608, 0.2910000000000000364, 0.06500000000000004385 ) ) ;
#3244 = DIRECTION ( 'NONE',  ( -1.000000000000000000, -0.0000000000000000000, -0.0000000000000000000 ) ) ;
#3245 = EDGE_CURVE ( 'NONE', #1604, #3084, #2651, .T. ) ;
#3246 = DIMENSIONAL_EXPONENTS ( 1.000000000000000000, 0.0000000000000000000, 0.0000000000000000000, 0.0000000000000000000, 0.0000000000000000000, 0.0000000000000000000, 0.0000000000000000000 ) ;
#3247 = ORIENTED_EDGE ( 'NONE', *, *, #40, .F. ) ;
#3248 =( LENGTH_UNIT ( ) NAMED_UNIT ( * ) SI_UNIT ( $, .METRE. ) );
#3249 = DIRECTION ( 'NONE',  ( -1.167171384011831108E-16, 1.000000000000000000, 0.0000000000000000000 ) ) ;
#3250 = DIRECTION ( 'NONE',  ( -0.0000000000000000000, -1.000000000000000000, -0.0000000000000000000 ) ) ;
#3251 = ORIENTED_EDGE ( 'NONE', *, *, #1523, .T. ) ;
#3252 = SURFACE_STYLE_FILL_AREA ( #2190 ) ;
#3253 =( NAMED_UNIT ( * ) PLANE_ANGLE_UNIT ( ) SI_UNIT ( $, .RADIAN. ) );
#3254 =( GEOMETRIC_REPRESENTATION_CONTEXT ( 3 ) GLOBAL_UNCERTAINTY_ASSIGNED_CONTEXT ( ( #1709 ) ) GLOBAL_UNIT_ASSIGNED_CONTEXT ( ( #3281, #2198, #104 ) ) REPRESENTATION_CONTEXT ( 'NONE', 'WORKASPACE' ) );
#3255 = EDGE_LOOP ( 'NONE', ( #654, #3015, #2076, #2810 ) ) ;
#3256 = PRESENTATION_LAYER_ASSIGNMENT (  '', '', ( #1437 ) ) ;
#3257 = LINE ( 'NONE', #2716, #3374 ) ;
#3258 = DIRECTION ( 'NONE',  ( -1.000000000000000000, 0.0000000000000000000, 0.0000000000000000000 ) ) ;
#3259 = DIMENSIONAL_EXPONENTS ( 1.000000000000000000, 0.0000000000000000000, 0.0000000000000000000, 0.0000000000000000000, 0.0000000000000000000, 0.0000000000000000000, 0.0000000000000000000 ) ;
#3260 = CARTESIAN_POINT ( 'NONE',  ( 0.1559999999999999998, 0.2909999999999999809, 0.06500000000000004385 ) ) ;
#3261 = PRESENTATION_LAYER_ASSIGNMENT (  '', '', ( #1320 ) ) ;
#3262 = ORIENTED_EDGE ( 'NONE', *, *, #78, .F. ) ;
#3263 = CARTESIAN_POINT ( 'NONE',  ( 0.03899999999999996525, 0.3003251848702927496, 0.05000000000000004441 ) ) ;
#3264 = CARTESIAN_POINT ( 'NONE',  ( 0.03899999999999996525, 0.3366748151297073166, 2.134256245050205639E-18 ) ) ;
#3265 = FILL_AREA_STYLE ('',( #888 ) ) ;
#3266 = MECHANICAL_DESIGN_GEOMETRIC_PRESENTATION_REPRESENTATION (  '', ( #3370 ), #1843 ) ;
#3267 = STYLED_ITEM ( 'NONE', ( #549 ), #3118 ) ;
#3268 = ORIENTED_EDGE ( 'NONE', *, *, #653, .F. ) ;
#3269 = DIRECTION ( 'NONE',  ( -1.000000000000000000, 0.0000000000000000000, -0.0000000000000000000 ) ) ;
#3270 = DIRECTION ( 'NONE',  ( -0.0000000000000000000, -1.000000000000000000, -0.0000000000000000000 ) ) ;
#3271 = DIRECTION ( 'NONE',  ( -1.000000000000000000, 0.0000000000000000000, 0.0000000000000000000 ) ) ;
#3272 = SURFACE_STYLE_USAGE ( .BOTH. , #3302 ) ;
#3273 = VECTOR ( 'NONE', #3065, 39.37007874015748143 ) ;
#3274 = VECTOR ( 'NONE', #3170, 39.37007874015748143 ) ;
#3275 = MECHANICAL_DESIGN_GEOMETRIC_PRESENTATION_REPRESENTATION (  '', ( #1177 ), #3381 ) ;
#3276 = COLOUR_RGB ( '',0.7529411764705882248, 0.7529411764705882248, 0.7529411764705882248 ) ;
#3277 = PLANE ( 'NONE',  #1375 ) ;
#3278 = ORIENTED_EDGE ( 'NONE', *, *, #1385, .T. ) ;
#3279 = LINE ( 'NONE', #2448, #1744 ) ;
#3280 = ORIENTED_EDGE ( 'NONE', *, *, #1194, .F. ) ;
#3281 =( CONVERSION_BASED_UNIT ( 'INCH', #398 ) LENGTH_UNIT ( ) NAMED_UNIT ( #2885 ) );
#3282 = CARTESIAN_POINT ( 'NONE',  ( -0.008000000000000036596, 0.3052550892975832153, 0.05083429151846459437 ) ) ;
#3283 = ORIENTED_EDGE ( 'NONE', *, *, #273, .F. ) ;
#3284 = LENGTH_MEASURE_WITH_UNIT ( LENGTH_MEASURE( 0.02539999999999999897 ), #3248 );
#3285 = DIRECTION ( 'NONE',  ( 1.000000000000000000, 1.179147096712820967E-16, 0.0000000000000000000 ) ) ;
#3286 = FILL_AREA_STYLE_COLOUR ( '', #1804 ) ;
#3287 = CARTESIAN_POINT ( 'NONE',  ( 0.03899999999999996525, 0.3003251848702927496, 0.06500000000000004385 ) ) ;
#3288 = PRESENTATION_LAYER_ASSIGNMENT (  '', '', ( #2773 ) ) ;
#3289 = EDGE_CURVE ( 'NONE', #2705, #1501, #639, .T. ) ;
#3290 = ORIENTED_EDGE ( 'NONE', *, *, #2385, .F. ) ;
#3291 =( NAMED_UNIT ( * ) SI_UNIT ( $, .STERADIAN. ) SOLID_ANGLE_UNIT ( ) );
#3292 = FILL_AREA_STYLE_COLOUR ( '', #1329 ) ;
#3293 = ORIENTED_EDGE ( 'NONE', *, *, #1716, .F. ) ;
#3294 = FACE_OUTER_BOUND ( 'NONE', #2270, .T. ) ;
#3295 = SURFACE_STYLE_FILL_AREA ( #156 ) ;
#3296 = ORIENTED_EDGE ( 'NONE', *, *, #1840, .F. ) ;
#3297 = SURFACE_STYLE_USAGE ( .BOTH. , #2759 ) ;
#3298 = DIRECTION ( 'NONE',  ( 0.0000000000000000000, 0.0000000000000000000, 1.000000000000000000 ) ) ;
#3299 = VERTEX_POINT ( 'NONE', #1353 ) ;
#3300 = CYLINDRICAL_SURFACE ( 'NONE', #562, 0.004999999999999997502 ) ;
#3301 = PRESENTATION_STYLE_ASSIGNMENT (( #933 ) ) ;
#3302 = SURFACE_SIDE_STYLE ('',( #2512 ) ) ;
#3303 = CARTESIAN_POINT ( 'NONE',  ( 0.1559999999999999998, 0.03500000000000002415, 0.07299999999999996769 ) ) ;
#3304 = ORIENTED_EDGE ( 'NONE', *, *, #3077, .F. ) ;
#3305 =( NAMED_UNIT ( * ) SI_UNIT ( $, .STERADIAN. ) SOLID_ANGLE_UNIT ( ) );
#3306 = PRESENTATION_STYLE_ASSIGNMENT (( #2248 ) ) ;
#3307 =( CONVERSION_BASED_UNIT ( 'INCH', #1485 ) LENGTH_UNIT ( ) NAMED_UNIT ( #1695 ) );
#3308 = EDGE_CURVE ( 'NONE', #1675, #2587, #1637, .T. ) ;
#3309 = EDGE_CURVE ( 'NONE', #3107, #2725, #2411, .T. ) ;
#3310 = MECHANICAL_DESIGN_GEOMETRIC_PRESENTATION_REPRESENTATION (  '', ( #131 ), #2465 ) ;
#3311 = VERTEX_POINT ( 'NONE', #2177 ) ;
#3312 = DIRECTION ( 'NONE',  ( 0.0000000000000000000, 0.0000000000000000000, -1.000000000000000000 ) ) ;
#3313 = DIRECTION ( 'NONE',  ( -1.000000000000000000, 0.0000000000000000000, 0.0000000000000000000 ) ) ;
#3314 = COLOUR_RGB ( '',0.7529411764705882248, 0.7529411764705882248, 0.7529411764705882248 ) ;
#3315 = PRESENTATION_LAYER_ASSIGNMENT (  '', '', ( #2922 ) ) ;
#3316 = ORIENTED_EDGE ( 'NONE', *, *, #3336, .F. ) ;
#3317 = SURFACE_SIDE_STYLE ('',( #2791 ) ) ;
#3318 = DIRECTION ( 'NONE',  ( -1.000000000000000000, -0.0000000000000000000, 0.0000000000000000000 ) ) ;
#3319 =( GEOMETRIC_REPRESENTATION_CONTEXT ( 3 ) GLOBAL_UNCERTAINTY_ASSIGNED_CONTEXT ( ( #356 ) ) GLOBAL_UNIT_ASSIGNED_CONTEXT ( ( #3349, #1747, #1457 ) ) REPRESENTATION_CONTEXT ( 'NONE', 'WORKASPACE' ) );
#3320 = VECTOR ( 'NONE', #2860, 39.37007874015748143 ) ;
#3321 = PRESENTATION_LAYER_ASSIGNMENT (  '', '', ( #2636 ) ) ;
#3322 = DIRECTION ( 'NONE',  ( 0.0000000000000000000, 2.731847993664263218E-15, -1.000000000000000000 ) ) ;
#3323 = DIRECTION ( 'NONE',  ( 0.0000000000000000000, 0.9859808854580930371, -0.1668583036929084107 ) ) ;
#3324 = CARTESIAN_POINT ( 'NONE',  ( 0.09199999999999997069, 0.01088510184783587215, 0.05250287455539368042 ) ) ;
#3325 = ORIENTED_EDGE ( 'NONE', *, *, #3241, .F. ) ;
#3326 = CARTESIAN_POINT ( 'NONE',  ( 0.004682509528572100649, 0.05562821319943792725, 0.1330000000000160776 ) ) ;
#3327 = VECTOR ( 'NONE', #116, 39.37007874015748143 ) ;
#3328 = DIRECTION ( 'NONE',  ( 0.0000000000000000000, -0.0000000000000000000, -1.000000000000000000 ) ) ;
#3329 = COLOUR_RGB ( '',0.7529411764705882248, 0.7529411764705882248, 0.7529411764705882248 ) ;
#3330 = AXIS2_PLACEMENT_3D ( 'NONE', #1138, #2119, #2404 ) ;
#3331 = EDGE_CURVE ( 'NONE', #45, #1071, #1366, .T. ) ;
#3332 = ORIENTED_EDGE ( 'NONE', *, *, #148, .T. ) ;
#3333 = DIRECTION ( 'NONE',  ( 1.333910153156378409E-16, 1.000000000000000000, 0.0000000000000000000 ) ) ;
#3334 = ORIENTED_EDGE ( 'NONE', *, *, #2797, .F. ) ;
#3335 =( NAMED_UNIT ( * ) PLANE_ANGLE_UNIT ( ) SI_UNIT ( $, .RADIAN. ) );
#3336 = EDGE_CURVE ( 'NONE', #399, #279, #569, .T. ) ;
#3337 = SURFACE_STYLE_USAGE ( .BOTH. , #1479 ) ;
#3338 = LINE ( 'NONE', #3043, #858 ) ;
#3339 = AXIS2_PLACEMENT_3D ( 'NONE', #1099, #321, #1652 ) ;
#3340 = MECHANICAL_DESIGN_GEOMETRIC_PRESENTATION_REPRESENTATION (  '', ( #2882 ), #163 ) ;
#3341 = DIRECTION ( 'NONE',  ( 0.0000000000000000000, 0.0000000000000000000, -1.000000000000000000 ) ) ;
#3342 = SURFACE_SIDE_STYLE ('',( #1233 ) ) ;
#3343 =( NAMED_UNIT ( * ) SI_UNIT ( $, .STERADIAN. ) SOLID_ANGLE_UNIT ( ) );
#3344 = ORIENTED_EDGE ( 'NONE', *, *, #2890, .T. ) ;
#3345 = FILL_AREA_STYLE ('',( #445 ) ) ;
#3346 = SURFACE_STYLE_USAGE ( .BOTH. , #2287 ) ;
#3347 = EDGE_CURVE ( 'NONE', #2157, #2321, #600, .T. ) ;
#3348 = ORIENTED_EDGE ( 'NONE', *, *, #2117, .T. ) ;
#3349 =( CONVERSION_BASED_UNIT ( 'INCH', #1529 ) LENGTH_UNIT ( ) NAMED_UNIT ( #822 ) );
#3350 = CARTESIAN_POINT ( 'NONE',  ( 0.09199999999999997069, -0.01067481512970723523, 0.01500000000000000465 ) ) ;
#3351 = EDGE_CURVE ( 'NONE', #2157, #3054, #847, .T. ) ;
#3352 = FILL_AREA_STYLE ('',( #782 ) ) ;
#3353 = PLANE ( 'NONE',  #3339 ) ;
#3354 = CARTESIAN_POINT ( 'NONE',  ( 0.1389999999999999847, 0.3629999999999999893, -0.01000000000000000021 ) ) ;
#3355 = UNCERTAINTY_MEASURE_WITH_UNIT (LENGTH_MEASURE( 1.000000000000000082E-05 ), #2099, 'distance_accuracy_value', 'NONE');
#3356 = DIRECTION ( 'NONE',  ( 0.0000000000000000000, -0.9859808854580930371, -0.1668583036929084384 ) ) ;
#3357 = ORIENTED_EDGE ( 'NONE', *, *, #740, .F. ) ;
#3358 = DIRECTION ( 'NONE',  ( -1.000000000000000000, 0.0000000000000000000, -0.0000000000000000000 ) ) ;
#3359 = DIRECTION ( 'NONE',  ( 0.0000000000000000000, 0.0000000000000000000, 1.000000000000000000 ) ) ;
#3360 = PRESENTATION_STYLE_ASSIGNMENT (( #1525 ) ) ;
#3361 = EDGE_LOOP ( 'NONE', ( #2828, #624, #3262, #2735 ) ) ;
#3362 =( CONVERSION_BASED_UNIT ( 'INCH', #3071 ) LENGTH_UNIT ( ) NAMED_UNIT ( #2353 ) );
#3363 = VERTEX_POINT ( 'NONE', #2218 ) ;
#3364 = AXIS2_PLACEMENT_3D ( 'NONE', #2766, #891, #2184 ) ;
#3365 = CARTESIAN_POINT ( 'NONE',  ( 0.1559999999999999998, 0.03500000000000002415, 0.06500000000000004385 ) ) ;
#3366 = STYLED_ITEM ( 'NONE', ( #2785 ), #34 ) ;
#3367 = EDGE_CURVE ( 'NONE', #1347, #788, #942, .T. ) ;
#3368 = LENGTH_MEASURE_WITH_UNIT ( LENGTH_MEASURE( 0.02539999999999999897 ), #2071 );
#3369 = VECTOR ( 'NONE', #1044, 39.37007874015748143 ) ;
#3370 = STYLED_ITEM ( 'NONE', ( #1204 ), #505 ) ;
#3371 = DIRECTION ( 'NONE',  ( 1.000000000000000000, 0.0000000000000000000, 0.0000000000000000000 ) ) ;
#3372 = SURFACE_STYLE_USAGE ( .BOTH. , #1865 ) ;
#3373 =( GEOMETRIC_REPRESENTATION_CONTEXT ( 3 ) GLOBAL_UNCERTAINTY_ASSIGNED_CONTEXT ( ( #1752 ) ) GLOBAL_UNIT_ASSIGNED_CONTEXT ( ( #2656, #2671, #872 ) ) REPRESENTATION_CONTEXT ( 'NONE', 'WORKASPACE' ) );
#3374 = VECTOR ( 'NONE', #377, 39.37007874015748143 ) ;
#3375 = ORIENTED_EDGE ( 'NONE', *, *, #1199, .T. ) ;
#3376 = DIRECTION ( 'NONE',  ( -0.08682659386425442549, -0.08682659386425491121, 0.9924325091389657461 ) ) ;
#3377 = STYLED_ITEM ( 'NONE', ( #1022 ), #2001 ) ;
#3378 = SURFACE_SIDE_STYLE ('',( #2467 ) ) ;
#3379 = STYLED_ITEM ( 'NONE', ( #2600 ), #889 ) ;
#3380 = AXIS2_PLACEMENT_3D ( 'NONE', #212, #1739, #3328 ) ;
#3381 =( GEOMETRIC_REPRESENTATION_CONTEXT ( 3 ) GLOBAL_UNCERTAINTY_ASSIGNED_CONTEXT ( ( #1247 ) ) GLOBAL_UNIT_ASSIGNED_CONTEXT ( ( #426, #648, #3291 ) ) REPRESENTATION_CONTEXT ( 'NONE', 'WORKASPACE' ) );
#3382 = VERTEX_POINT ( 'NONE', #2030 ) ;
#3383 = DIRECTION ( 'NONE',  ( -1.000000000000000000, 0.0000000000000000000, -0.0000000000000000000 ) ) ;
#3384 = ORIENTED_EDGE ( 'NONE', *, *, #2804, .F. ) ;
#3385 = DIRECTION ( 'NONE',  ( -0.0000000000000000000, -0.08715574274766532681, 0.9961946980917448791 ) ) ;
#3386 = SURFACE_STYLE_USAGE ( .BOTH. , #2330 ) ;
#3387 = UNCERTAINTY_MEASURE_WITH_UNIT (LENGTH_MEASURE( 1.000000000000000082E-05 ), #1827, 'distance_accuracy_value', 'NONE');
#3388 = ADVANCED_FACE ( 'NONE', ( #2265 ), #1470, .T. ) ;
#3389 = CARTESIAN_POINT ( 'NONE',  ( 0.03899999999999996525, 0.3052550892975832153, 0.05083429151846459437 ) ) ;
#3390 = ORIENTED_EDGE ( 'NONE', *, *, #1878, .F. ) ;
#3391 = AXIS2_PLACEMENT_3D ( 'NONE', #306, #3217, #2888 ) ;
#3392 = PLANE ( 'NONE',  #2996 ) ;
#3393 = PLANE ( 'NONE',  #2278 ) ;
#3394 = MECHANICAL_DESIGN_GEOMETRIC_PRESENTATION_REPRESENTATION (  '', ( #2440 ), #3063 ) ;
#3395 = ADVANCED_FACE ( 'NONE', ( #3294 ), #1165, .F. ) ;
#3396 = ORIENTED_EDGE ( 'NONE', *, *, #1234, .F. ) ;
#3397 = DIRECTION ( 'NONE',  ( 1.000000000000000000, 0.0000000000000000000, 0.0000000000000000000 ) ) ;
#3398 = LINE ( 'NONE', #2337, #3320 ) ;
#3399 = PRESENTATION_STYLE_ASSIGNMENT (( #2351 ) ) ;
#3400 =( LENGTH_UNIT ( ) NAMED_UNIT ( * ) SI_UNIT ( $, .METRE. ) );
#3401 = ORIENTED_EDGE ( 'NONE', *, *, #547, .F. ) ;
ENDSEC;
END-ISO-10303-21;
